,year,violent,cauc,population,income,density,state,law
1,1977,414.4,55.12291,3.780403,9563.148,0.0745524,Alabama,no
2,1978,419.1,55.14367,3.831838,9932,0.0755667,Alabama,no
3,1979,413.3,55.13586,3.866248,9877.028,0.0762453,Alabama,no
4,1980,448.5,54.91259,3.900368,9541.428,0.0768288,Alabama,no
5,1981,470.5,54.92513,3.918531,9548.351,0.0771866,Alabama,no
6,1982,447.7,54.89621,3.925229,9478.919,0.0773185,Alabama,no
7,1983,416,54.83936,3.934103,9783,0.0774933,Alabama,no
8,1984,431.2,54.77876,3.951826,10357.2,0.0778424,Alabama,no
9,1985,457.5,54.67899,3.97252,10725.86,0.07825,Alabama,no
10,1986,558,54.51791,3.991562,11091.62,0.0786251,Alabama,no
11,1987,559.2,54.3877,4.015257,11323.82,0.0790919,Alabama,no
12,1988,558.6,54.23505,4.023848,11654.96,0.0792611,Alabama,no
13,1989,590.8,54.06622,4.030224,11963.9,0.0793867,Alabama,no
14,1990,708.6,56.07016,4.048508,12063.98,0.0797736,Alabama,no
15,1991,844.2,55.97353,4.091025,12087.82,0.0806113,Alabama,no
16,1992,871.7,55.80952,4.139269,12398.02,0.081562,Alabama,no
17,1993,780.4,55.66076,4.193114,12395.8,0.0826229,Alabama,no
18,1994,683.7,55.50783,4.232965,12673.92,0.0834082,Alabama,no
19,1995,632.4,55.33187,4.262731,12872.68,0.0839947,Alabama,no
20,1996,565.4,55.3142,4.290403,12908.91,0.08454,Alabama,no
21,1997,564.5,55.15972,4.320281,13121.11,0.0851287,Alabama,no
22,1998,512.1,55.25745,4.351037,13514.1,0.0857347,Alabama,no
23,1999,490.2,55.29781,4.369862,13737.26,0.0861057,Alabama,no
24,1977,443.2,62.1413,0.403437,20296.83,0.0007083,Alaska,no
25,1978,441.9,62.65009,0.404764,19044.99,0.0007106,Alaska,no
26,1979,491.1,63.09599,0.402753,18115.89,0.0007071,Alaska,no
27,1980,436,62.7206,0.405315,17901.66,0.00071,Alaska,no
28,1981,615.8,62.80371,0.418488,18075.23,0.0007331,Alaska,no
29,1982,623.7,62.89593,0.449611,18967.13,0.0007876,Alaska,no
30,1983,613.8,62.86964,0.488417,19045,0.0008556,Alaska,no
31,1984,621.6,62.41428,0.513703,18590.22,0.0008999,Alaska,no
32,1985,581.8,61.88262,0.532492,18705.2,0.0009328,Alaska,no
33,1986,570.4,61.2697,0.544269,17906.39,0.0009535,Alaska,no
34,1987,455.4,60.43927,0.53931,16955.92,0.0009448,Alaska,no
35,1988,522.8,60.09351,0.541982,16740.64,0.0009495,Alaska,no
36,1989,497.7,59.82404,0.547153,17285.38,0.0009585,Alaska,no
37,1990,524.5,60.08334,0.55312,17311.88,0.0009697,Alaska,no
38,1991,613.9,60.35909,0.569273,17005.98,0.0009981,Alaska,no
39,1992,660.5,60.75548,0.587073,16978.23,0.0010293,Alaska,no
40,1993,760.8,60.76018,0.596993,17067.91,0.0010467,Alaska,no
41,1994,766.3,60.87202,0.600624,16970.02,0.001053,Alaska,no
42,1995,770.9,61.20048,0.601345,16871.89,0.0010543,Alaska,yes
43,1996,727.7,61.23177,0.604918,16546.19,0.0010606,Alaska,yes
44,1997,701.1,61.00919,0.608846,16816.68,0.0010675,Alaska,yes
45,1998,653.9,60.74545,0.615205,17077.45,0.0010786,Alaska,yes
46,1999,631.5,60.55464,0.6195,17120.14,0.0010861,Alaska,yes
47,1977,494.2,66.61958,2.425197,10919.45,0.021383,Arizona,no
48,1978,552.1,66.48782,2.515318,11591.41,0.0221776,Arizona,no
49,1979,593,66.49958,2.63557,11804.69,0.0232379,Arizona,no
50,1980,650.9,66.15736,2.737774,11594.31,0.0241197,Arizona,no
51,1981,575.8,66.35718,2.810127,11681.17,0.0247571,Arizona,no
52,1982,517,66.18365,2.889865,11295.24,0.0254596,Arizona,no
53,1983,494.2,65.86687,2.968928,11654,0.0261561,Arizona,no
54,1984,516.1,65.58672,3.067142,12356.72,0.0270214,Arizona,no
55,1985,602.5,65.33994,3.183535,12786.21,0.0280468,Arizona,no
56,1986,658.3,65.11162,3.308262,13146.87,0.0291456,Arizona,no
57,1987,612.6,64.77774,3.437102,13269.01,0.0302807,Arizona,no
58,1988,610.1,64.44434,3.535179,13299.39,0.0311448,Arizona,no
59,1989,599.6,63.91225,3.622176,13304.1,0.0319112,Arizona,no
60,1990,652.4,64.84599,3.679056,13114.78,0.0323741,Arizona,no
61,1991,670.7,64.48261,3.762394,12838.55,0.0331074,Arizona,no
62,1992,670.8,64.29301,3.867333,12873.01,0.0340308,Arizona,no
63,1993,715,64.02615,3.99339,12922.88,0.0351401,Arizona,no
64,1994,703.1,64.19139,4.147561,13288.13,0.0364967,Arizona,no
65,1995,713.5,64.04899,4.306908,13494.64,0.0378989,Arizona,yes
66,1996,631.5,63.88958,4.432308,13722.99,0.0390024,Arizona,yes
67,1997,623.7,64.03395,4.552207,14146.38,0.0400574,Arizona,yes
68,1998,577.9,63.87193,4.667277,14745.26,0.04107,Arizona,yes
69,1999,551.2,63.80436,4.778332,15053.45,0.0420472,Arizona,yes
70,1977,322.9,59.49733,2.20901,9321.481,0.0425259,Arkansas,no
71,1978,344.1,59.49071,2.243125,9945.752,0.0431827,Arkansas,no
72,1979,366.2,59.47256,2.271335,9724.736,0.0437258,Arkansas,no
73,1980,335.2,59.40872,2.288738,9171.474,0.0439483,Arkansas,no
74,1981,310.3,59.39111,2.293195,9386.144,0.0440339,Arkansas,no
75,1982,324.7,59.34017,2.294262,9238.463,0.0440543,Arkansas,no
76,1983,297.7,59.31244,2.305754,9476,0.044275,Arkansas,no
77,1984,321.4,59.3006,2.319774,10127.04,0.0445442,Arkansas,no
78,1985,347.6,59.18848,2.327044,10430.46,0.0446838,Arkansas,no
79,1986,394.8,59.12255,2.33199,10666.21,0.0447788,Arkansas,no
80,1987,412,59.08031,2.342359,10685.37,0.0449779,Arkansas,no
81,1988,422.7,58.94504,2.342638,10959.47,0.0449833,Arkansas,no
82,1989,473.7,58.81361,2.346387,11091.84,0.0450552,Arkansas,no
83,1990,532.2,61.01876,2.354343,11055.86,0.0452106,Arkansas,no
84,1991,593.3,60.95456,2.370666,11151.41,0.0455241,Arkansas,no
85,1992,576.5,60.80524,2.394098,11661.75,0.045974,Arkansas,no
86,1993,593.3,60.91962,2.423743,11709.56,0.0465433,Arkansas,no
87,1994,595.1,61.00677,2.450605,11928,0.0470591,Arkansas,no
88,1995,553.2,60.96267,2.480121,12129.08,0.0476259,Arkansas,no
89,1996,524,60.96302,2.504858,12345.67,0.048101,Arkansas,yes
90,1997,526.9,61.0488,2.524007,12561.59,0.0484687,Arkansas,yes
91,1998,490.2,61.09908,2.538202,12987.42,0.0487413,Arkansas,yes
92,1999,425.2,61.2114,2.551373,13295.33,0.0489942,Arkansas,yes
93,1977,706,65.51936,22.3524,14089.08,0.1429538,California,no
94,1978,742.9,65.27907,22.83596,14696.3,0.1460464,California,no
95,1979,811.1,64.99982,23.25689,14880.71,0.1487384,California,no
96,1980,893.6,64.43827,23.8008,14543.06,0.1522774,California,no
97,1981,863,64.16476,24.28594,14472.68,0.1553813,California,no
98,1982,814.7,63.59418,24.82001,14214.77,0.1587982,California,no
99,1983,772.6,63.02439,25.36002,14491,0.1622533,California,no
100,1984,763.4,62.47379,25.84439,15273.99,0.1653522,California,no
101,1985,765.3,61.9726,26.44111,15657.73,0.1691701,California,no
102,1986,920.5,61.4321,27.10224,16023.85,0.1734,California,no
103,1987,918,60.96083,27.77715,16334.12,0.177718,California,no
104,1988,929.8,60.54552,28.46425,16598.35,0.1821141,California,no
105,1989,977.7,60.14187,29.21816,16674.29,0.1869376,California,no
106,1990,1045.2,60.53821,29.95011,16679.42,0.1920211,California,no
107,1991,1089.9,59.86163,30.41411,16099.54,0.194996,California,no
108,1992,1119.7,59.40587,30.87592,16132.62,0.1979568,California,no
109,1993,1077.8,58.84095,31.14721,15796.7,0.1996962,California,no
110,1994,1013,58.34014,31.31718,15773.86,0.2007859,California,no
111,1995,966,57.91899,31.49352,16020.38,0.2019165,California,no
112,1996,862.7,57.64225,31.78083,16232.5,0.2037585,California,no
113,1997,798.3,57.71132,32.21771,16606.78,0.2065595,California,no
114,1998,703.7,57.91366,32.68279,17269.3,0.2095414,California,no
115,1999,627.2,58.14976,33.14512,17853.89,0.2125055,California,no
116,1977,511.9,72.37897,2.696142,12440.15,0.0259829,Colorado,no
117,1978,498,72.41429,2.766748,13047.59,0.0266633,Colorado,no
118,1979,522.1,72.49131,2.849234,13165.71,0.0274583,Colorado,no
119,1980,528.6,72.37984,2.908803,13068.08,0.0280786,Colorado,no
120,1981,531.7,72.38009,2.977895,13306.54,0.0287455,Colorado,no
121,1982,504.2,72.21121,3.061569,13359.24,0.0295533,Colorado,no
122,1983,476.4,71.82253,3.133628,13570,0.0302488,Colorado,no
123,1984,457.8,71.46875,3.169987,14146.21,0.0305998,Colorado,no
124,1985,471,71.09287,3.208717,14275.22,0.0309737,Colorado,no
125,1986,523.6,70.60625,3.237447,14336.75,0.031251,Colorado,no
126,1987,467.5,70.12352,3.260478,14397.71,0.0314733,Colorado,no
127,1988,472.6,69.71968,3.262281,14553.97,0.0314907,Colorado,no
128,1989,471.4,69.4189,3.275821,14894.04,0.0316214,Colorado,no
129,1990,526,70.51215,3.303862,15013.69,0.0318506,Colorado,no
130,1991,559.3,70.5401,3.367567,14976,0.0324647,Colorado,no
131,1992,578.8,70.58759,3.459995,15227.37,0.0333558,Colorado,no
132,1993,567.3,70.76588,3.560884,15520.41,0.0343284,Colorado,no
133,1994,509.6,70.96488,3.65391,15790.66,0.0352252,Colorado,no
134,1995,440.2,71.1405,3.738061,16261.71,0.0360365,Colorado,no
135,1996,404.5,71.1972,3.812716,16656.68,0.0367562,Colorado,no
136,1997,363.2,71.1914,3.891293,17357.57,0.0375137,Colorado,no
137,1998,377.9,71.09323,3.968967,18242.02,0.0382625,Colorado,no
138,1999,340.5,71.19784,4.056133,18856.73,0.0391028,Colorado,no
139,1977,282.3,69.83115,3.085722,14322.53,0.6346611,Connecticut,no
140,1978,315,69.85175,3.091629,14852.16,0.635876,Connecticut,no
141,1979,414.2,69.8198,3.095914,15052.21,0.6367573,Connecticut,no
142,1980,412.5,69.61651,3.113174,15038.75,0.638993,Connecticut,no
143,1981,448.1,69.48974,3.128839,15196.04,0.6422083,Connecticut,no
144,1982,399.5,69.11452,3.139012,15379.9,0.6442964,Connecticut,no
145,1983,375,68.65659,3.162343,15799,0.6490852,Connecticut,no
146,1984,393.8,68.23032,3.180023,16859.22,0.6527141,Connecticut,no
147,1985,402,67.74603,3.201128,17374.54,0.657046,Connecticut,no
148,1986,425.8,67.21826,3.223737,18214.54,0.6616866,Connecticut,no
149,1987,419,66.7266,3.247291,19201.91,0.6665211,Connecticut,no
150,1988,455.4,66.2566,3.271958,20213.89,0.6715842,Connecticut,no
151,1989,511.8,65.67208,3.283409,20714.99,0.6739345,Connecticut,no
152,1990,553.7,67.24413,3.289056,20372.83,0.6788557,Connecticut,no
153,1991,539.7,66.6134,3.28864,19636.85,0.6787698,Connecticut,no
154,1992,495.3,66.03352,3.274997,20330.85,0.675954,Connecticut,no
155,1993,456.2,65.46114,3.272325,20395.78,0.6754025,Connecticut,no
156,1994,455.5,65.08693,3.268346,20517.5,0.6745812,Connecticut,no
157,1995,405.9,64.80254,3.265293,20893.34,0.6739511,Connecticut,no
158,1996,412,64.68811,3.26703,21254.72,0.6743096,Connecticut,no
159,1997,390.9,64.64516,3.268514,22119.4,0.6746159,Connecticut,no
160,1998,366.3,64.35552,3.272563,23133.07,0.6754516,Connecticut,no
161,1999,345.6,64.13895,3.282031,23646.71,0.6774058,Connecticut,no
162,1977,382.1,64.15755,0.591829,13008.97,0.2986019,Delaware,no
163,1978,440.7,64.10252,0.594777,13229.42,0.3000893,Delaware,no
164,1979,537.3,63.96815,0.594982,13101.23,0.3001927,Delaware,no
165,1980,474.8,63.20911,0.594919,13060.83,0.3079291,Delaware,no
166,1981,509,63.02656,0.595971,13012.81,0.3084736,Delaware,no
167,1982,559.8,62.56893,0.599136,13134.26,0.3101118,Delaware,no
168,1983,453.1,62.10418,0.605415,13529,0.3133618,Delaware,no
169,1984,435.7,61.66697,0.611517,14208.54,0.3165202,Delaware,no
170,1985,433.3,61.20521,0.618284,14867.86,0.3200228,Delaware,no
171,1986,427,60.80499,0.627557,15253.93,0.3248225,Delaware,no
172,1987,430.7,60.48524,0.636957,15727.24,0.3296879,Delaware,no
173,1988,451.7,60.15025,0.647585,16260.7,0.3351889,Delaware,no
174,1989,556.5,59.82942,0.658233,16806.79,0.3407003,Delaware,no
175,1990,655.2,61.46357,0.669063,16486.63,0.3422317,Delaware,no
176,1991,714.3,61.005,0.680495,16332,0.3480793,Delaware,no
177,1992,621.2,60.55497,0.690158,16396.74,0.353022,Delaware,no
178,1993,685.9,60.17885,0.699475,16414.05,0.3577877,Delaware,no
179,1994,644.3,59.73326,0.708416,16484.16,0.3623611,Delaware,no
180,1995,725,59.49879,0.718265,16605.71,0.367399,Delaware,no
181,1996,668.3,59.17424,0.72709,16916.4,0.371913,Delaware,no
182,1997,677.9,58.77142,0.735024,17019.75,0.3759713,Delaware,no
183,1998,762.4,58.3795,0.744066,17853.42,0.3805964,Delaware,no
184,1999,734,58.07962,0.753538,18359.2,0.3854414,Delaware,no
185,1977,1426.5,21.91194,0.677229,15950.09,11.10212,District of Columbia,no
186,1978,1411.7,21.99967,0.665051,15964.54,10.90248,District of Columbia,no
187,1979,1608.7,22.06764,0.650015,15552.99,10.65598,District of Columbia,no
188,1980,2010.6,21.78043,0.638284,14927.52,10.13149,District of Columbia,no
189,1981,2274.8,22.42587,0.636894,14828.88,10.10943,District of Columbia,no
190,1982,2123.1,22.97488,0.634171,15278.76,10.06621,District of Columbia,no
191,1983,1915.4,23.42597,0.632439,15532,10.03871,District of Columbia,no
192,1984,1721.5,23.85827,0.633382,16423.83,10.05368,District of Columbia,no
193,1985,1624.8,24.20183,0.634543,16831.9,10.07211,District of Columbia,no
194,1986,1505.3,24.54855,0.638278,17298.27,10.1314,District of Columbia,no
195,1987,1610.3,24.80383,0.636934,17760.13,10.11006,District of Columbia,no
196,1988,1921.6,25.05639,0.63043,18894.48,10.00683,District of Columbia,no
197,1989,2141.9,25.25086,0.624165,19521.73,9.907381,District of Columbia,no
198,1990,2458.2,26.08502,0.603814,20289.77,9.89859,District of Columbia,no
199,1991,2453.3,25.52125,0.593239,20517.71,9.725229,District of Columbia,no
200,1992,2832.8,25.4095,0.584183,21309.23,9.576771,District of Columbia,no
201,1993,2921.8,25.70434,0.576358,21817.18,9.448492,District of Columbia,no
202,1994,2662.6,26.08649,0.564982,22003.3,9.262,District of Columbia,no
203,1995,2661.4,26.44189,0.551273,21611.43,9.037263,District of Columbia,no
204,1996,2469.8,27.00581,0.538273,21844.64,8.824147,District of Columbia,no
205,1997,2024.2,27.66836,0.528752,22473.37,8.668065,District of Columbia,no
206,1998,1718.5,28.44929,0.521426,22892.34,8.547967,District of Columbia,no
207,1999,1627.7,29.27457,0.519,23399.74,8.508196,District of Columbia,no
208,1977,686.8,60.00757,8.856183,11524.44,0.1637305,Florida,no
209,1978,765.6,59.9397,9.102032,12103.29,0.1682757,Florida,no
210,1979,833.9,60.12845,9.426159,12181.99,0.1742681,Florida,no
211,1980,983.5,59.85242,9.839835,12149.24,0.1817043,Florida,no
212,1981,965.1,59.93149,10.19278,12269.72,0.1882218,Florida,no
213,1982,896.8,59.84478,10.47141,12166.25,0.1933671,Florida,no
214,1983,826.7,59.69122,10.74984,12637,0.1985088,Florida,no
215,1984,868,59.50279,11.03992,13199.68,0.2038653,Florida,no
216,1985,941.1,59.25166,11.35112,13616.83,0.2096121,Florida,no
217,1986,1036.5,58.90889,11.6675,14019.51,0.2154544,Florida,no
218,1987,1024.4,58.623,11.99729,14395.95,0.2215443,Florida,no
219,1988,1117.7,58.21194,12.3064,14813.31,0.2272523,Florida,yes
220,1989,1109.4,57.87771,12.63771,15293.13,0.2333704,Florida,yes
221,1990,1244.3,59.33008,13.01836,15129.51,0.2410942,Florida,yes
222,1991,1184.3,58.97432,13.2895,14758.16,0.2461155,Florida,yes
223,1992,1207.2,58.52879,13.50478,14669.31,0.2501023,Florida,yes
224,1993,1206,57.94917,13.71359,14918.23,0.2539695,Florida,yes
225,1994,1146.8,57.54924,13.9618,15012.48,0.2585662,Florida,yes
226,1995,1071,57.33018,14.1854,15376.85,0.2627072,Florida,yes
227,1996,1051,57.11045,14.42691,15631.16,0.2671799,Florida,yes
228,1997,1023.6,57.02666,14.68335,15972.74,0.271929,Florida,yes
229,1998,938.7,57.05493,14.90823,16454.84,0.2760937,Florida,yes
230,1999,854,57.11421,15.11124,16613.04,0.2798534,Florida,yes
231,1977,439.8,55.27949,5.219699,10227.32,0.0898817,Georgia,no
232,1978,482.8,55.13272,5.295753,10679.19,0.0911913,Georgia,no
233,1979,558.7,54.98414,5.401385,10594.58,0.0930103,Georgia,no
234,1980,555.3,54.87352,5.486174,10245.07,0.094498,Georgia,no
235,1981,548.2,54.79004,5.568343,10340.76,0.0959133,Georgia,no
236,1982,478.2,54.68195,5.649793,10375.73,0.0973163,Georgia,no
237,1983,456.7,54.56527,5.728254,10849,0.0986677,Georgia,no
238,1984,478.6,54.50443,5.834957,11685.42,0.1005057,Georgia,no
239,1985,507.2,54.40846,5.962668,12170.42,0.1027055,Georgia,no
240,1986,587.6,54.31058,6.08466,12716.91,0.1048067,Georgia,no
241,1987,576.5,54.23222,6.20847,12997.14,0.1069393,Georgia,no
242,1988,665.3,54.05778,6.316153,13367.59,0.1087941,Georgia,no
243,1989,735.8,53.84161,6.411085,13492.81,0.1104293,Georgia,no
244,1990,756.3,55.20558,6.506531,13516.36,0.1123385,Georgia,yes
245,1991,738.2,54.94827,6.621279,13369.26,0.1143196,Georgia,yes
246,1992,733.2,54.66885,6.759474,13726.43,0.1167056,Georgia,yes
247,1993,723.1,54.34254,6.894092,13868.88,0.1190299,Georgia,yes
248,1994,667.7,54.12839,7.0459,14226.24,0.1216509,Georgia,yes
249,1995,657.1,53.94292,7.188538,14538.42,0.1241136,Georgia,yes
250,1996,638.7,53.72744,7.332225,14977.11,0.1265945,Georgia,yes
251,1997,606.6,53.5205,7.486094,15243.07,0.1292511,Georgia,yes
252,1998,572.7,53.32244,7.636522,15974.6,0.1318483,Georgia,yes
253,1999,534,53.18856,7.78824,16339.75,0.1344678,Georgia,yes
254,1977,224.8,24.28329,0.918257,13737.26,0.1429194,Hawaii,no
255,1978,270.1,23.98426,0.931586,13978.14,0.1449939,Hawaii,no
256,1979,289.7,23.73469,0.953305,13977.94,0.1483743,Hawaii,no
257,1980,299.5,23.51738,0.96771,13918.01,0.1506163,Hawaii,no
258,1981,247.6,27.77328,0.978174,13490.66,0.152245,Hawaii,no
259,1982,255.7,27.5246,0.993802,13340.66,0.1546773,Hawaii,no
260,1983,252.1,27.45545,1.012717,13880,0.1576213,Hawaii,no
261,1984,231.9,27.2599,1.027935,14300.61,0.1599899,Hawaii,no
262,1985,219.4,27.02564,1.039683,14531.72,0.1618184,Hawaii,no
263,1986,245.2,26.86471,1.051759,14915.78,0.1636979,Hawaii,no
264,1987,263.3,26.72901,1.067911,15252.78,0.1662118,Hawaii,no
265,1988,257.1,26.48869,1.079823,15906.22,0.1680658,Hawaii,no
266,1989,270.1,26.23444,1.094584,16493.62,0.1703633,Hawaii,no
267,1990,280.9,26.38754,1.112703,17061.94,0.1732373,Hawaii,no
268,1991,241.8,26.44024,1.131412,16926.31,0.1761501,Hawaii,no
269,1992,258.4,26.49997,1.149926,17201.17,0.1790325,Hawaii,no
270,1993,261.2,26.32638,1.161508,17242.91,0.1808357,Hawaii,no
271,1994,262.2,26.25737,1.173903,17025.12,0.1827655,Hawaii,no
272,1995,295.6,26.10543,1.18049,16731.94,0.1837911,Hawaii,no
273,1996,280.6,26.01487,1.184434,16294.73,0.1844051,Hawaii,no
274,1997,277.9,26.00187,1.189322,16300.63,0.1851661,Hawaii,no
275,1998,246.9,26.04379,1.190472,16333.25,0.1853452,Hawaii,no
276,1999,235,26.08433,1.185497,16464.73,0.1845706,Hawaii,no
277,1977,236.9,70.72501,0.883471,10702.44,0.0106858,Idaho,no
278,1978,236.4,70.47297,0.910691,11183.43,0.011015,Idaho,no
279,1979,288.7,70.13862,0.932626,10830.57,0.0112804,Idaho,no
280,1980,313.4,69.79239,0.947983,10560.61,0.011503,Idaho,no
281,1981,283.3,69.53201,0.962203,10307.88,0.0116755,Idaho,no
282,1982,259.2,69.1673,0.973729,9928.871,0.0118154,Idaho,no
283,1983,238.7,68.87727,0.981858,10315,0.011914,Idaho,no
284,1984,235.3,68.74544,0.990841,10615.17,0.012023,Idaho,no
285,1985,234.8,68.65839,0.994046,10785.12,0.0120619,Idaho,no
286,1986,222.5,68.49204,0.990226,10878.91,0.0120156,Idaho,no
287,1987,214.2,68.47251,0.985004,11059.85,0.0119522,Idaho,no
288,1988,234.7,68.5293,0.985669,11407.42,0.0119603,Idaho,no
289,1989,254.6,68.68022,0.994426,11886.81,0.0120665,Idaho,no
290,1990,275.7,70.69105,1.011882,12089.89,0.012228,Idaho,no
291,1991,290.3,71.35117,1.038915,11838.54,0.0125547,Idaho,yes
292,1992,281.4,71.66949,1.06649,12237.56,0.0128879,Idaho,yes
293,1993,281.8,72.03497,1.101204,12579.76,0.0133074,Idaho,yes
294,1994,285.8,72.30266,1.135459,12664.51,0.0137214,Idaho,yes
295,1995,322,72.63202,1.165,12838.02,0.0140784,Idaho,yes
296,1996,267.2,72.77551,1.187706,12924.16,0.0143528,Idaho,yes
297,1997,256.8,72.91081,1.210638,12939.78,0.0146299,Idaho,yes
298,1998,282.2,72.94096,1.230923,13394.34,0.014875,Idaho,yes
299,1999,244.9,73.22482,1.2517,13676.86,0.0151261,Idaho,yes
300,1977,630.6,62.96043,11.38632,13784.94,0.2042462,Illinois,no
301,1978,676.7,62.7687,11.41256,14175.26,0.204717,Illinois,no
302,1979,743.9,62.54858,11.39684,14053.4,0.2044349,Illinois,no
303,1980,808,62.0413,11.4347,13392.09,0.2054938,Illinois,no
304,1981,792.5,61.88957,11.44346,13426,0.2056512,Illinois,no
305,1982,774.3,61.5728,11.42341,13179.67,0.2052909,Illinois,no
306,1983,728.1,61.23556,11.40882,13289,0.2050287,Illinois,no
307,1984,724.9,60.88976,11.41214,14080.04,0.2050883,Illinois,no
308,1985,714.8,60.61123,11.3998,14360.41,0.2048666,Illinois,no
309,1986,808.9,60.26858,11.38726,14802.16,0.2046412,Illinois,no
310,1987,796.2,60.00742,11.39118,15162.45,0.2047116,Illinois,no
311,1988,810.4,59.83682,11.39018,15544.16,0.2046936,Illinois,no
312,1989,845.9,59.59296,11.40979,15766.1,0.205046,Illinois,no
313,1990,967.4,61.30873,11.44698,15816.07,0.2059068,Illinois,no
314,1991,1039.2,61.05313,11.53597,15584.92,0.2075077,Illinois,no
315,1992,977.3,60.84206,11.6352,16162.44,0.2092925,Illinois,no
316,1993,959.7,60.66113,11.72598,16112.96,0.2109255,Illinois,no
317,1994,960.9,60.46421,11.80499,16423.68,0.2123466,Illinois,no
318,1995,996.1,60.30975,11.88494,16770.52,0.2137847,Illinois,no
319,1996,890.4,60.21309,11.953,17148.17,0.2150091,Illinois,no
320,1997,861.4,60.15479,12.01151,17609.08,0.2160615,Illinois,no
321,1998,807.7,60.22058,12.06977,18333.67,0.2171096,Illinois,no
322,1999,732.5,60.3039,12.12837,18620.52,0.2181636,Illinois,no
323,1977,310.6,67.79831,5.425637,11835.16,0.1503071,Indiana,yes
324,1978,323.5,67.7674,5.470213,12233.17,0.151542,Indiana,yes
325,1979,338,67.68886,5.501176,12092.81,0.1523998,Indiana,yes
326,1980,377.8,67.90417,5.490721,11423.84,0.1528087,Indiana,yes
327,1981,341.6,67.83166,5.480425,11349.08,0.1525221,Indiana,yes
328,1982,300.6,67.70847,5.467927,11040.34,0.1521743,Indiana,yes
329,1983,283.8,67.52014,5.450402,11203,0.1516866,Indiana,yes
330,1984,305.2,67.398,5.458328,11934.76,0.1519072,Indiana,yes
331,1985,309.4,67.2464,5.459216,12170.42,0.1519319,Indiana,yes
332,1986,307.7,67.04064,5.454114,12563.29,0.1517899,Indiana,yes
333,1987,328.5,66.8979,5.473009,12860.33,0.1523157,Indiana,yes
334,1988,380,66.76343,5.491734,13148.67,0.1528369,Indiana,yes
335,1989,406.5,66.50909,5.523684,13466.31,0.153726,Indiana,yes
336,1990,473.9,68.73007,5.555097,13430.25,0.1548675,Indiana,yes
337,1991,505.3,68.65849,5.602062,13198.2,0.1561768,Indiana,yes
338,1992,508.5,68.592,5.648649,13680.99,0.1574756,Indiana,yes
339,1993,489.1,68.5289,5.701965,13857.17,0.158962,Indiana,yes
340,1994,525.1,68.3758,5.745626,14214.82,0.1601792,Indiana,yes
341,1995,524.7,68.29259,5.791819,14286.63,0.1614669,Indiana,yes
342,1996,537,68.28423,5.834908,14462.12,0.1626682,Indiana,yes
343,1997,514.6,68.14533,5.87237,14747.51,0.1637126,Indiana,yes
344,1998,431,68.09436,5.907617,15360.54,0.1646952,Indiana,yes
345,1999,374.6,68.08481,5.942901,15641.89,0.1656789,Indiana,yes
346,1977,144,70.63897,2.913573,11973.25,0.052083,Iowa,no
347,1978,161.4,70.57121,2.918071,12893.26,0.0521634,Iowa,no
348,1979,181.2,70.48128,2.915739,12504.41,0.0521217,Iowa,no
349,1980,200.4,70.29703,2.914018,11692.24,0.0520686,Iowa,no
350,1981,204.2,70.04603,2.907975,12020.93,0.0519606,Iowa,no
351,1982,172.7,69.69798,2.88819,11586.26,0.0516071,Iowa,no
352,1983,181.1,69.30383,2.87055,11485,0.0512919,Iowa,no
353,1984,198.7,68.98267,2.858624,12273.28,0.0510788,Iowa,no
354,1985,211.7,68.6693,2.829685,12403.77,0.0505617,Iowa,no
355,1986,235.1,68.29514,2.791966,12744.18,0.0498877,Iowa,no
356,1987,231.2,68.13417,2.767005,13066.42,0.0494417,Iowa,no
357,1988,256.8,68.14285,2.768392,12895.23,0.0494665,Iowa,no
358,1989,266.3,67.98687,2.770585,13299.29,0.0495057,Iowa,no
359,1990,299.7,70.36103,2.779769,13243.56,0.0497498,Iowa,no
360,1991,303.3,70.44009,2.791227,13054.93,0.0499548,Iowa,no
361,1992,278,70.6496,2.806923,13446.69,0.0502358,Iowa,no
362,1993,325.5,70.71407,2.820525,13042.08,0.0504792,Iowa,no
363,1994,315.1,70.80584,2.829422,13774.66,0.0506384,Iowa,no
364,1995,354.4,70.96812,2.84086,13852.37,0.0508431,Iowa,no
365,1996,272.5,71.02967,2.848473,14422.76,0.0509794,Iowa,no
366,1997,310,71.10349,2.854396,14780.42,0.0510854,Iowa,no
367,1998,311.5,71.19295,2.861025,15185.18,0.051204,Iowa,no
368,1999,280,71.35867,2.869413,15307.6,0.0513541,Iowa,no
369,1977,309.8,67.85155,2.320647,12012.71,0.0283743,Kansas,no
370,1978,318.2,67.62933,2.335657,12349.3,0.0285578,Kansas,no
371,1979,353.6,67.38694,2.350908,12677.28,0.0287443,Kansas,no
372,1980,389.3,67.20489,2.369039,12135.94,0.0289691,Kansas,no
373,1981,369.4,66.98371,2.384859,12327.81,0.0291626,Kansas,no
374,1982,335.9,66.67711,2.401211,12372.65,0.0293626,Kansas,no
375,1983,326.6,66.37502,2.415537,12373,0.0295377,Kansas,no
376,1984,334.2,66.07586,2.424076,13044.32,0.0296422,Kansas,no
377,1985,355.8,65.7078,2.427412,13269.58,0.0296829,Kansas,no
378,1986,368.8,65.43351,2.432616,13547.74,0.0297466,Kansas,no
379,1987,360.7,65.15877,2.445387,13666.29,0.0299027,Kansas,no
380,1988,365.2,65.0228,2.461987,13750.7,0.0301057,Kansas,no
381,1989,400.8,64.77983,2.472847,13725.68,0.0302385,Kansas,no
382,1990,447.7,66.75621,2.480683,13854.68,0.0303177,Kansas,no
383,1991,499.6,66.77325,2.495209,13766.19,0.0304952,Kansas,no
384,1992,510.8,66.91853,2.526042,14168.05,0.030872,Kansas,no
385,1993,496.4,67.08665,2.547605,14131.39,0.0311356,Kansas,no
386,1994,443,67.2344,2.569118,14348.54,0.0313985,Kansas,no
387,1995,420.7,67.45663,2.586942,14315.41,0.0316163,Kansas,no
388,1996,413.8,67.61414,2.598266,14681.84,0.0317547,Kansas,no
389,1997,409.2,67.69551,2.616339,15126.32,0.0319756,Kansas,no
390,1998,397,67.77126,2.638667,15645.27,0.0322485,Kansas,no
391,1999,382.8,67.8686,2.654052,15969.59,0.0324365,Kansas,no
392,1977,233.6,67.92831,3.573694,10020.18,0.090131,Kentucky,no
393,1978,223.2,67.94283,3.609976,10365.95,0.0910461,Kentucky,no
394,1979,248,67.92229,3.641806,10482.08,0.0918488,Kentucky,no
395,1980,266.7,67.81461,3.664221,9951.279,0.0923699,Kentucky,no
396,1981,289.5,67.84683,3.670385,9984.56,0.0925253,Kentucky,no
397,1982,315,67.86681,3.683437,9895.847,0.0928543,Kentucky,no
398,1983,322.2,67.87104,3.69448,9859,0.0931327,Kentucky,no
399,1984,277.8,67.74832,3.695451,10608.46,0.0931571,Kentucky,no
400,1985,305.5,67.71535,3.694827,10702.71,0.0931414,Kentucky,no
401,1986,334.4,67.63098,3.687813,10903.45,0.0929646,Kentucky,no
402,1987,337.8,67.61863,3.683325,11209.81,0.0928515,Kentucky,no
403,1988,330.1,67.65378,3.680003,11425.94,0.0927677,Kentucky,no
404,1989,356.9,67.61806,3.677312,11725.41,0.0926999,Kentucky,no
405,1990,390.4,69.96033,3.692584,11798.81,0.0929373,Kentucky,no
406,1991,438,69.9856,3.714686,11872.17,0.0934936,Kentucky,no
407,1992,535.5,69.97852,3.756358,12297.2,0.0945424,Kentucky,no
408,1993,462.7,70.01945,3.792288,12274.54,0.0954467,Kentucky,no
409,1994,444,69.9761,3.823215,12441.41,0.0962251,Kentucky,no
410,1995,364.7,70.02628,3.855248,12566.61,0.0970313,Kentucky,no
411,1996,320.5,70.04683,3.881051,12798.42,0.0976807,Kentucky,no
412,1997,316.9,69.90127,3.907816,13178.24,0.0983544,Kentucky,yes
413,1998,284,70.05663,3.93431,13660.74,0.0990212,Kentucky,yes
414,1999,300.6,70.29076,3.960825,13889.75,0.0996885,Kentucky,yes
415,1977,524.8,52.29824,4.014462,10085.94,0.0893492,Louisiana,no
416,1978,584.9,52.32671,4.068578,10621.13,0.0905537,Louisiana,no
417,1979,676.3,52.26536,4.137666,10719.44,0.0920914,Louisiana,no
418,1980,665,52.01642,4.223101,10679.1,0.0948564,Louisiana,no
419,1981,638.3,51.95408,4.283298,11000.55,0.0962085,Louisiana,no
420,1982,669.1,51.83288,4.35261,10895.85,0.0977653,Louisiana,no
421,1983,640.9,51.59832,4.395316,10865,0.0987246,Louisiana,no
422,1984,678,51.28816,4.400474,11151.25,0.0988404,Louisiana,no
423,1985,694.2,50.92176,4.408121,11224.05,0.0990122,Louisiana,no
424,1986,758.2,50.47743,4.406918,10933.45,0.0989852,Louisiana,no
425,1987,693,50.08353,4.344129,10757.28,0.0975748,Louisiana,no
426,1988,717.4,49.70518,4.288835,11041.15,0.0963329,Louisiana,no
427,1989,781.8,49.49004,4.252906,11239.59,0.0955258,Louisiana,no
428,1990,898.4,51.18166,4.219179,11599.93,0.0968457,Louisiana,no
429,1991,951,50.99825,4.24095,11751.56,0.0973454,Louisiana,no
430,1992,984.6,50.81783,4.270849,12047.28,0.0980317,Louisiana,yes
431,1993,1061.7,50.63774,4.284749,12207.01,0.0983508,Louisiana,yes
432,1994,981.9,50.49049,4.3065,12619.49,0.09885,Louisiana,yes
433,1995,1007.4,50.39554,4.327978,12779.81,0.099343,Louisiana,yes
434,1996,929.1,50.31187,4.338763,12861.29,0.0995906,Louisiana,yes
435,1997,855.9,50.23799,4.35139,13170.17,0.0998804,Louisiana,yes
436,1998,779.5,50.2277,4.362758,13656.46,0.1001413,Louisiana,yes
437,1999,732.7,50.20788,4.372035,13657.72,0.1003543,Louisiana,yes
438,1977,224.7,72.24625,1.103577,10097.45,0.0356914,Maine,no
439,1978,207.7,72.36075,1.113565,10315.53,0.0360144,Maine,no
440,1979,202.5,72.46732,1.122564,10285.88,0.0363054,Maine,no
441,1980,193.4,72.38139,1.12686,10165.27,0.0363562,Maine,no
442,1981,195.6,72.41499,1.133021,10117.18,0.036555,Maine,no
443,1982,163,72.28526,1.136684,10188.94,0.0366731,Maine,yes
444,1983,159.6,72.15456,1.144769,10551,0.036934,Maine,yes
445,1984,158.5,72.09315,1.15563,11186.74,0.0372844,Maine,yes
446,1985,167.5,71.89352,1.162935,11605.56,0.0375201,Maine,yes
447,1986,147,71.6749,1.170121,12237.87,0.0377519,Maine,yes
448,1987,152.1,71.55804,1.18457,12799.81,0.0382181,Maine,yes
449,1988,157.4,71.5842,1.20383,13314.55,0.0388395,Maine,yes
450,1989,137.2,71.46689,1.219944,13559.46,0.0393594,Maine,yes
451,1990,143.2,73.81962,1.231296,13319,0.039893,Maine,yes
452,1991,132.1,73.74602,1.235439,12910.92,0.0400272,Maine,yes
453,1992,130.9,73.66696,1.235748,13028.5,0.0400372,Maine,yes
454,1993,125.7,73.72951,1.238256,12960.09,0.0401184,Maine,yes
455,1994,129.9,73.79119,1.237687,13124.83,0.0401,Maine,yes
456,1995,131.4,74.01494,1.237438,13236.96,0.040092,Maine,yes
457,1996,124.9,74.31354,1.241436,13521.06,0.0402215,Maine,yes
458,1997,120.8,74.57877,1.245215,13850.78,0.0403439,Maine,yes
459,1998,125.8,74.81993,1.247554,14376.22,0.0404197,Maine,yes
460,1999,112.2,75.10503,1.25304,14700.04,0.0405974,Maine,yes
461,1977,693.8,59.80103,4.169594,13466,0.4215544,Maryland,no
462,1978,732,59.47229,4.183604,13846.74,0.4229708,Maryland,no
463,1979,795.5,59.09584,4.191163,13768.02,0.423735,Maryland,no
464,1980,852.4,58.11522,4.227643,13577.07,0.4297695,Maryland,no
465,1981,887.1,57.74186,4.261908,13593.69,0.4332528,Maryland,no
466,1982,850,57.23314,4.282917,13669.87,0.4353885,Maryland,no
467,1983,807.1,56.66724,4.313319,14228,0.4384791,Maryland,no
468,1984,792.3,56.08654,4.365238,15049.59,0.4437571,Maryland,no
469,1985,834.6,55.51143,4.413075,15705.89,0.44862,Maryland,no
470,1986,833,54.97762,4.486957,16331.09,0.4561306,Maryland,no
471,1987,767.8,54.49474,4.565578,16852.43,0.464123,Maryland,no
472,1988,806.8,53.95152,4.657908,17367.09,0.473509,Maryland,no
473,1989,855.4,53.39462,4.727298,17666.8,0.480563,Maryland,no
474,1990,919,54.47374,4.797431,17543.53,0.4907858,Maryland,no
475,1991,956.2,53.90336,4.856176,17230.4,0.4967955,Maryland,no
476,1992,1000.1,53.36663,4.902545,17294.18,0.5015391,Maryland,no
477,1993,997.8,52.75498,4.942504,17296.66,0.505627,Maryland,no
478,1994,948,52.30801,4.985411,17502.91,0.5100165,Maryland,no
479,1995,986.9,51.92822,5.02365,17589.98,0.5139284,Maryland,no
480,1996,931.2,51.63616,5.057142,17680.94,0.5173547,Maryland,no
481,1997,846.6,51.32299,5.092914,18146.86,0.5210142,Maryland,no
482,1998,796.6,51.06369,5.130072,18843.85,0.5248156,Maryland,no
483,1999,743.4,50.83417,5.171634,19445.17,0.5290675,Maryland,no
484,1977,425.3,70.84088,5.738201,12553.58,0.7332227,Massachusetts,no
485,1978,462,70.9734,5.73647,12957.44,0.7330015,Massachusetts,no
486,1979,531.3,71.03321,5.738406,12995.58,0.7332489,Massachusetts,no
487,1980,601.3,70.91966,5.746075,12903.66,0.7344165,Massachusetts,no
488,1981,628.6,70.83539,5.768683,12965.68,0.7373061,Massachusetts,no
489,1982,571.4,70.54771,5.771226,13212.7,0.7376311,Massachusetts,no
490,1983,576.8,70.15474,5.799403,13859,0.7412325,Massachusetts,no
491,1984,523.7,69.82819,5.840772,14911.49,0.74652,Massachusetts,no
492,1985,538.2,69.40924,5.880743,15482.72,0.7516287,Massachusetts,no
493,1986,556.9,68.89589,5.902682,16320.18,0.7544328,Massachusetts,no
494,1987,564.6,68.4094,5.935209,17105.01,0.7585901,Massachusetts,no
495,1988,619.6,68.05308,5.979981,17963.23,0.7643125,Massachusetts,no
496,1989,675,67.52338,6.015479,18033.77,0.7688496,Massachusetts,no
497,1990,736.3,69.19524,6.018664,17695.93,0.7678826,Massachusetts,no
498,1991,736.1,68.4557,5.998652,17360.52,0.7653294,Massachusetts,no
499,1992,779,67.97533,5.993474,17661.96,0.7646688,Massachusetts,no
500,1993,804.9,67.48496,6.010884,17682.5,0.76689,Massachusetts,no
501,1994,707.6,67.2147,6.031352,18037.15,0.7695014,Massachusetts,no
502,1995,687.2,67.07729,6.062335,18345.35,0.7734544,Massachusetts,no
503,1996,642.2,66.97061,6.085393,18807.43,0.7763961,Massachusetts,no
504,1997,644.2,66.94775,6.115476,19455.93,0.7802343,Massachusetts,no
505,1998,621.3,66.97878,6.144407,20411.68,0.7839254,Massachusetts,no
506,1999,551,67.02943,6.175169,21245.15,0.7878501,Massachusetts,no
507,1977,584.7,64.94021,9.17111,13081.31,0.1614149,Michigan,no
508,1978,577.2,64.84695,9.217762,13498.35,0.162236,Michigan,no
509,1979,614.2,64.72587,9.266269,13309.77,0.1630897,Michigan,no
510,1980,639.5,64.53066,9.255553,12536.12,0.1625093,Michigan,no
511,1981,641.9,64.3437,9.209284,12193,0.1616969,Michigan,no
512,1982,656.6,64.04739,9.115202,11828.78,0.160045,Michigan,no
513,1983,716.7,63.67474,9.047753,12243,0.1588607,Michigan,no
514,1984,760.1,63.40595,9.049446,13019.38,0.1588904,Michigan,no
515,1985,734.1,63.11989,9.076297,13643.68,0.1593619,Michigan,no
516,1986,803.9,62.83232,9.127776,14155.86,0.1602658,Michigan,no
517,1987,780.1,62.52574,9.187485,14146.01,0.1613141,Michigan,no
518,1988,741.7,62.2057,9.218,14480.72,0.1618499,Michigan,no
519,1989,709.2,61.78036,9.25329,14675.63,0.1624695,Michigan,no
520,1990,790.4,63.41766,9.310462,14494.76,0.1638906,Michigan,no
521,1991,803.1,63.24012,9.395022,14121.46,0.1653791,Michigan,no
522,1992,770.1,63.13263,9.470323,14397.38,0.1667046,Michigan,no
523,1993,791.5,62.94234,9.52924,14737.71,0.1677417,Michigan,no
524,1994,766.1,62.84308,9.584481,15363.26,0.1687141,Michigan,no
525,1995,687.8,62.77747,9.659871,15679.65,0.1700412,Michigan,no
526,1996,635.3,62.8381,9.739184,15523.84,0.1714374,Michigan,no
527,1997,590,62.85872,9.78545,15878.97,0.1722518,Michigan,no
528,1998,620.8,62.91081,9.820231,16376.02,0.172864,Michigan,no
529,1999,574.9,62.94402,9.863775,16806.19,0.1736305,Michigan,no
530,1977,193.8,71.22099,3.989365,12427,0.0503142,Minnesota,no
531,1978,189.6,71.18407,4.015341,12943.69,0.0506418,Minnesota,no
532,1979,221,71.14611,4.050317,12909.15,0.051083,Minnesota,no
533,1980,227.8,71.29826,4.085017,12476.88,0.0513529,Minnesota,no
534,1981,228.5,71.04656,4.111674,12406.72,0.051688,Minnesota,no
535,1982,219.3,70.61434,4.131444,12375.74,0.0519365,Minnesota,no
536,1983,190.9,70.1346,4.141438,12594,0.0520621,Minnesota,no
537,1984,211.5,69.76175,4.157698,13670.54,0.0522665,Minnesota,no
538,1985,256.4,69.45553,4.184286,13976.12,0.0526008,Minnesota,no
539,1986,284.6,69.1105,4.205208,14435.83,0.0528638,Minnesota,no
540,1987,285.4,68.82535,4.23514,14820.42,0.0532401,Minnesota,no
541,1988,290.1,68.66412,4.296162,14812.46,0.0540072,Minnesota,no
542,1989,288.3,68.40837,4.338045,15229.7,0.0545337,Minnesota,no
543,1990,306.1,70.15536,4.387283,15248.38,0.0551049,Minnesota,no
544,1991,316,70.20422,4.427429,14977.46,0.0556091,Minnesota,no
545,1992,338,70.13239,4.471503,15405.58,0.0561627,Minnesota,no
546,1993,353.9,70.17619,4.521709,15204.85,0.0567933,Minnesota,no
547,1994,359,70.19733,4.566028,15769.82,0.0573499,Minnesota,no
548,1995,356.1,70.28978,4.605445,16077.28,0.057845,Minnesota,no
549,1996,338.8,70.42294,4.647723,16679.54,0.058376,Minnesota,no
550,1997,337.8,70.42054,4.687726,17091.78,0.0588785,Minnesota,no
551,1998,310.2,70.36256,4.726411,18008.61,0.0593643,Minnesota,no
552,1999,274,70.39762,4.775508,18383.72,0.059981,Minnesota,no
553,1977,288.7,47.1701,2.459202,8645.796,0.051996,Mississippi,no
554,1978,321.2,47.24821,2.487817,8871.568,0.052601,Mississippi,no
555,1979,323.6,47.29527,2.507067,8985.228,0.053008,Mississippi,no
556,1980,341.9,47.1011,2.525342,8554.884,0.0534656,Mississippi,no
557,1981,304.6,47.06833,2.539051,8659.495,0.0537559,Mississippi,no
558,1982,294.6,46.95921,2.556768,8566.631,0.054131,Mississippi,no
559,1983,280.4,46.82973,2.56773,8615,0.0543631,Mississippi,no
560,1984,282,46.61835,2.578058,9075.017,0.0545817,Mississippi,no
561,1985,270.9,46.47882,2.588097,9187.772,0.0547943,Mississippi,no
562,1986,274.1,46.41185,2.593596,9356.337,0.0549107,Mississippi,no
563,1987,269.8,46.35433,2.588539,9570.701,0.0548036,Mississippi,no
564,1988,325.2,46.27898,2.580353,9847.19,0.0546303,Mississippi,no
565,1989,311.2,46.19701,2.574273,10069.62,0.0545016,Mississippi,no
566,1990,340.4,48.01193,2.577426,10030.97,0.0549394,Mississippi,no
567,1991,389.1,47.8049,2.59123,10092.19,0.0552336,Mississippi,yes
568,1992,411.7,47.48308,2.610193,10444.81,0.0556378,Mississippi,yes
569,1993,433.9,47.34798,2.635574,10657.45,0.0561788,Mississippi,yes
570,1994,493.7,47.248,2.66345,11120.93,0.056773,Mississippi,yes
571,1995,502.8,47.20134,2.690788,11238.99,0.0573558,Mississippi,yes
572,1996,488.3,47.11795,2.709925,11457.94,0.0577637,Mississippi,yes
573,1997,469,47.01833,2.731826,11729.45,0.0582305,Mississippi,yes
574,1998,410.7,47.03033,2.751335,12209,0.0586464,Mississippi,yes
575,1999,349.3,47.0393,2.768619,12370.23,0.0590148,Mississippi,yes
576,1977,460.4,64.35242,4.863175,11493.2,0.0704859,Missouri,no
577,1978,467.9,64.30529,4.8894,11898.54,0.070866,Missouri,no
578,1979,527.2,64.122,4.912428,11954.24,0.0711998,Missouri,no
579,1980,554.5,64.24608,4.921966,11352.51,0.0713897,Missouri,no
580,1981,540.2,64.13373,4.932079,11460.87,0.0715364,Missouri,no
581,1982,506.5,63.91703,4.929442,11388.12,0.0714982,Missouri,no
582,1983,477.2,63.74535,4.943727,11716,0.0717054,Missouri,no
583,1984,460.7,63.53048,4.975283,12428.64,0.0721631,Missouri,no
584,1985,503.5,63.32874,5.000254,12841.77,0.0725253,Missouri,no
585,1986,578.6,63.10036,5.023068,13185.04,0.0728562,Missouri,no
586,1987,544.6,62.981,5.056695,13374.25,0.0733439,Missouri,no
587,1988,552.5,62.86436,5.08173,13544.41,0.073707,Missouri,no
588,1989,632.6,62.6871,5.095819,13717.65,0.0739114,Missouri,no
589,1990,715.3,64.76237,5.12637,13526.26,0.0744052,Missouri,no
590,1991,763,64.69089,5.15777,13567.36,0.074861,Missouri,no
591,1992,740.4,64.61243,5.193686,13874.82,0.0753822,Missouri,no
592,1993,744.4,64.60291,5.237757,13983.26,0.0760219,Missouri,no
593,1994,743.5,64.67593,5.281206,14291.42,0.0766525,Missouri,no
594,1995,663.8,64.7411,5.32461,14449.48,0.0772825,Missouri,no
595,1996,590.9,64.7839,5.367888,14667.86,0.0779107,Missouri,no
596,1997,577.4,64.83846,5.407113,15061.73,0.07848,Missouri,no
597,1998,555.7,64.95696,5.437562,15546.28,0.0789219,Missouri,no
598,1999,500.2,65.11991,5.468338,15789.59,0.0793686,Missouri,no
599,1977,218,70.30823,0.769954,10909.58,0.0052886,Montana,no
600,1978,237.6,70.22367,0.782316,11797.69,0.0053735,Montana,no
601,1979,224.2,70.05479,0.787308,11386.23,0.0054078,Montana,no
602,1980,222.6,69.50651,0.788752,11053.89,0.0054252,Montana,no
603,1981,253,69.26559,0.795317,11227.42,0.0054703,Montana,no
604,1982,224.8,68.82399,0.80399,11013.5,0.00553,Montana,no
605,1983,212.6,68.35551,0.814028,11045,0.005599,Montana,no
606,1984,237.6,67.86086,0.820893,11225.09,0.0056462,Montana,no
607,1985,208.5,67.42729,0.822305,11019.4,0.0056559,Montana,no
608,1986,157.4,67.00379,0.813748,11330.68,0.0055971,Montana,no
609,1987,151.2,66.64787,0.805064,11397.49,0.0055373,Montana,no
610,1988,123,66.35466,0.800194,11250.8,0.0055039,Montana,no
611,1989,116,66.1925,0.799642,11742.27,0.0055001,Montana,no
612,1990,159.3,68.23551,0.799824,11829.29,0.005495,Montana,no
613,1991,139.9,68.46097,0.807837,12068.08,0.00555,Montana,no
614,1992,169.9,68.7589,0.822436,12150.94,0.0056503,Montana,yes
615,1993,177.5,69.12568,0.839876,12451.61,0.0057701,Montana,yes
616,1994,177.1,69.45094,0.854923,12182.69,0.0058735,Montana,yes
617,1995,171.4,69.94066,0.868522,12271.66,0.0059669,Montana,yes
618,1996,161,70.26747,0.876656,12308.2,0.0060228,Montana,yes
619,1997,132.1,70.51744,0.878706,12527.43,0.0060369,Montana,yes
620,1998,138.8,70.57711,0.879533,13018.58,0.0060426,Montana,yes
621,1999,206.5,70.73254,0.882779,13154.21,0.0060649,Montana,yes
622,1977,199.4,68.76288,1.556843,11496.49,0.0203554,Nebraska,no
623,1978,190.5,68.61212,1.563884,12407.36,0.0204475,Nebraska,no
624,1979,225.9,68.48695,1.567344,12051.65,0.0204927,Nebraska,no
625,1980,224.6,68.48768,1.572296,11209.85,0.0205143,Nebraska,no
626,1981,181.5,68.36901,1.578528,11710.76,0.0205956,Nebraska,no
627,1982,229.6,68.11826,1.581786,11587.3,0.0206381,Nebraska,no
628,1983,217.7,67.8284,1.584301,11601,0.0206709,Nebraska,no
629,1984,225.8,67.58923,1.588629,12436.31,0.0207274,Nebraska,no
630,1985,237.9,67.31978,1.584662,12726.02,0.0206756,Nebraska,no
631,1986,262.6,66.95992,1.574336,12921.43,0.0205409,Nebraska,no
632,1987,251.2,66.74837,1.566558,13185.69,0.0204394,Nebraska,no
633,1988,273.2,66.65886,1.571464,13458.53,0.0205034,Nebraska,no
634,1989,279.5,66.45169,1.574881,13553.03,0.020548,Nebraska,no
635,1990,330,68.57947,1.580664,13783.06,0.0205607,Nebraska,no
636,1991,334.6,68.71162,1.590805,13717.95,0.0206926,Nebraska,no
637,1992,348.6,68.94002,1.602406,13978.48,0.0208435,Nebraska,no
638,1993,377.8,69.01521,1.612149,13895.06,0.0209702,Nebraska,no
639,1994,389.5,69.06844,1.621551,14224.9,0.0210925,Nebraska,no
640,1995,382,69.22701,1.635142,14516.18,0.0212693,Nebraska,no
641,1996,435,69.32784,1.647657,15268.57,0.0214321,Nebraska,no
642,1997,438.4,69.34474,1.656042,15271.01,0.0215412,Nebraska,no
643,1998,451.4,69.3675,1.660772,15809.01,0.0216027,Nebraska,no
644,1999,430.2,69.41042,1.666028,16174.11,0.0216711,Nebraska,no
645,1977,743,70.3189,0.678334,14056.2,0.0061729,Nevada,no
646,1978,780.8,70.3098,0.719436,14943.84,0.0065469,Nevada,no
647,1979,835.6,70.28146,0.765364,14769.58,0.0069649,Nevada,no
648,1980,912.6,70.01524,0.810215,14242.02,0.0073727,Nevada,no
649,1981,896.4,69.68533,0.847639,14006.88,0.0077132,Nevada,no
650,1982,805.4,69.2001,0.881545,13401.55,0.0080218,Nevada,no
651,1983,655.2,68.61285,0.901974,13465,0.0082077,Nevada,no
652,1984,628.5,68.18571,0.924905,13843.16,0.0084163,Nevada,no
653,1985,667.1,67.63983,0.951024,14197.43,0.008654,Nevada,no
654,1986,718.9,67.12231,0.980653,14568.54,0.0089236,Nevada,no
655,1987,695.7,66.6797,1.023418,14809.02,0.0093128,Nevada,no
656,1988,780.7,66.14903,1.075027,15307.56,0.0097824,Nevada,no
657,1989,625.3,65.82648,1.137369,15713.1,0.0103497,Nevada,no
658,1990,600.9,66.68157,1.218629,15753.59,0.011098,Nevada,no
659,1991,677,66.65909,1.285046,15557.87,0.0117029,Nevada,no
660,1992,696.8,66.16871,1.330694,16112.74,0.0121186,Nevada,no
661,1993,875.2,65.53869,1.380197,16167.39,0.0125694,Nevada,no
662,1994,1001.9,65.17899,1.456388,16554.72,0.0132633,Nevada,no
663,1995,945.2,64.9338,1.525777,16878.43,0.0138952,Nevada,no
664,1996,811.3,64.62309,1.596476,17235.17,0.0145391,Nevada,yes
665,1997,798.7,64.46743,1.675581,17514.68,0.0152595,Nevada,yes
666,1998,643.6,64.02489,1.743772,18210.24,0.0158805,Nevada,yes
667,1999,570,63.63499,1.809253,18540.39,0.0164768,Nevada,yes
668,1977,113.1,73.57484,0.869762,11330.45,0.0963512,New Hampshire,yes
669,1978,118.8,73.85667,0.89152,11897.01,0.0987615,New Hampshire,yes
670,1979,139.9,74.08883,0.909075,12047.53,0.1007062,New Hampshire,yes
671,1980,179.8,73.9855,0.92425,11987.24,0.1027744,New Hampshire,yes
672,1981,147.1,74.05631,0.936644,12142.58,0.1041526,New Hampshire,yes
673,1982,124.8,73.92619,0.947717,12286.99,0.1053839,New Hampshire,yes
674,1983,125.1,73.81657,0.958125,13041,0.1065412,New Hampshire,yes
675,1984,133.9,73.76155,0.976864,13938.11,0.1086249,New Hampshire,yes
676,1985,140.8,73.6675,0.996757,14648.39,0.110837,New Hampshire,yes
677,1986,139.5,73.46386,1.025055,15429.37,0.1139837,New Hampshire,yes
678,1987,149.6,73.37527,1.054283,16111.37,0.1172337,New Hampshire,yes
679,1988,147.9,73.11699,1.082576,16637.08,0.1203799,New Hampshire,yes
680,1989,168.5,72.84719,1.104523,16569.9,0.1228203,New Hampshire,yes
681,1990,131.5,74.6099,1.111831,15783.31,0.1239638,New Hampshire,yes
682,1991,119.3,74.20372,1.107055,15589.31,0.1234313,New Hampshire,yes
683,1992,125.7,73.96066,1.112766,15729.34,0.124068,New Hampshire,yes
684,1993,137.8,73.87815,1.122191,15516.97,0.1251189,New Hampshire,yes
685,1994,116.8,73.81678,1.133054,16007.04,0.12633,New Hampshire,yes
686,1995,114.5,73.95155,1.145604,16355.23,0.1277293,New Hampshire,yes
687,1996,118.2,74.15676,1.160768,16536.67,0.12942,New Hampshire,yes
688,1997,113.2,74.3932,1.173239,17147.67,0.1308105,New Hampshire,yes
689,1998,107.2,74.50977,1.185823,18083.16,0.1322135,New Hampshire,yes
690,1999,96.5,74.65687,1.201134,18732.35,0.1339206,New Hampshire,yes
691,1977,392,65.03551,7.337173,13911.53,0.9755582,New Jersey,no
692,1978,423.5,64.8823,7.350804,14375.42,0.9773706,New Jersey,no
693,1979,501.2,64.69986,7.366514,14363.47,0.9794593,New Jersey,no
694,1980,604.4,64.31933,7.37633,14239.6,0.987725,New Jersey,no
695,1981,630.6,64.17092,7.407475,14310.47,0.9918954,New Jersey,no
696,1982,607.4,63.82298,7.430968,14446.97,0.9950413,New Jersey,no
697,1983,553.1,63.40572,7.467789,15036,0.9999717,New Jersey,no
698,1984,527.7,62.98526,7.515478,15870.49,1.006358,New Jersey,no
699,1985,544.5,62.48153,7.565519,16345.75,1.013058,New Jersey,no
700,1986,572.5,61.98893,7.62215,17008.3,1.020641,New Jersey,no
701,1987,541,61.44269,7.670743,17741.71,1.027148,New Jersey,no
702,1988,582.8,60.93272,7.712334,18643.56,1.032717,New Jersey,no
703,1989,609,60.30417,7.726086,18946.78,1.034559,New Jersey,no
704,1990,647.6,61.64635,7.757158,18871.69,1.04558,New Jersey,no
705,1991,634.8,60.94882,7.784269,18386.84,1.049234,New Jersey,no
706,1992,625.8,60.26407,7.82777,18883.87,1.055098,New Jersey,no
707,1993,626.9,59.64001,7.874891,18672.59,1.061449,New Jersey,no
708,1994,614.2,59.09557,7.918796,18738.72,1.067367,New Jersey,no
709,1995,599.8,58.70015,7.965523,19147.16,1.073665,New Jersey,no
710,1996,531.5,58.40384,8.009624,19554.82,1.07961,New Jersey,no
711,1997,492.6,58.26071,8.054178,20101.15,1.085615,New Jersey,no
712,1998,440.1,58.16805,8.095542,20866.26,1.09119,New Jersey,no
713,1999,411.9,58.14891,8.143412,21295.97,1.097643,New Jersey,no
714,1977,500.9,67.43304,1.21572,10007.03,0.0100132,New Mexico,no
715,1978,528.2,67.4426,1.238035,10462.22,0.010197,New Mexico,no
716,1979,586,66.25013,1.284722,10453.27,0.0105815,New Mexico,no
717,1980,615,66.17848,1.3094,10158.02,0.0107916,New Mexico,no
718,1981,671.7,66.15292,1.332709,10230.06,0.0109837,New Mexico,no
719,1982,734.5,65.99296,1.363794,10210.61,0.0112399,New Mexico,no
720,1983,686.8,65.8366,1.394352,10367,0.0114918,New Mexico,no
721,1984,688.1,65.47836,1.416665,10755.19,0.0116756,New Mexico,no
722,1985,703.9,65.09621,1.438371,11111.07,0.0118545,New Mexico,no
723,1986,725.6,64.78448,1.462727,11113.43,0.0120553,New Mexico,no
724,1987,628.5,64.37509,1.478519,11125.62,0.0121854,New Mexico,no
725,1988,658.1,63.93434,1.490329,11217.12,0.0122828,New Mexico,no
726,1989,703.9,63.60856,1.503892,11310.26,0.0123945,New Mexico,no
727,1990,780.2,64.0296,1.519933,11399.52,0.0125237,New Mexico,no
728,1991,834.8,63.90107,1.547115,11508.86,0.0127476,New Mexico,no
729,1992,934.9,63.8187,1.58075,11661.75,0.0130248,New Mexico,no
730,1993,929.7,63.69611,1.614937,11868.71,0.0133064,New Mexico,no
731,1994,889.2,63.84676,1.653329,12059.71,0.0136228,New Mexico,no
732,1995,819.2,63.94342,1.682417,12329.21,0.0138625,New Mexico,no
733,1996,840.6,63.96568,1.706151,12368.53,0.014058,New Mexico,no
734,1997,853.3,63.73423,1.722939,12564.69,0.0141963,New Mexico,no
735,1998,961.4,63.52061,1.733535,12935.48,0.0142836,New Mexico,no
736,1999,834.5,63.32625,1.739844,13057.93,0.0143356,New Mexico,no
737,1977,831.8,62.9616,17.81261,13403.53,0.3724071,New York,no
738,1978,841,62.78698,17.68059,13719.91,0.3696471,New York,no
739,1979,917.4,62.59568,17.58384,13619.84,0.3676244,New York,no
740,1980,1029.5,61.99079,17.56675,13413.85,0.3707865,New York,no
741,1981,1069.6,61.791,17.56773,13550.94,0.3708071,New York,no
742,1982,990.1,61.32369,17.58975,13771.01,0.3712718,New York,no
743,1983,914.1,60.80314,17.6869,14188,0.3733226,New York,no
744,1984,914.3,60.28036,17.74569,15093.7,0.3745634,New York,no
745,1985,929.9,59.72289,17.79167,15495.68,0.3755339,New York,no
746,1986,985.9,59.12571,17.83342,16204.74,0.3764151,New York,no
747,1987,1008.1,58.5247,17.86885,16690.19,0.3771629,New York,no
748,1988,1097.3,58.01797,17.94131,17348.57,0.3786924,New York,no
749,1989,1131.2,57.44759,17.98309,17638.7,0.3795742,New York,no
750,1990,1180.9,58.69953,18.00286,17766.03,0.3812226,New York,no
751,1991,1163.9,58.12228,18.02953,17501.6,0.3817875,New York,no
752,1992,1122.1,57.58609,18.08203,17891.29,0.3828992,New York,no
753,1993,1073.5,57.12248,18.14089,17630.82,0.3841456,New York,no
754,1994,965.6,56.68006,18.15665,17713.25,0.3844793,New York,no
755,1995,841.9,56.29628,18.15093,18129.53,0.3843581,New York,no
756,1996,727,56.06857,18.1438,18583.91,0.3842073,New York,no
757,1997,688.6,55.93539,18.14318,18946.71,0.3841942,New York,no
758,1998,637.8,55.92968,18.15918,19711.47,0.3845327,New York,no
759,1999,588.8,55.9836,18.1966,20272.8,0.3853253,New York,no
760,1977,407.1,57.76085,5.685611,9959.352,0.1165132,North Carolina,no
761,1978,413.4,57.72733,5.759492,10359.84,0.1180272,North Carolina,no
762,1979,446.1,57.66654,5.823493,10236.49,0.1193388,North Carolina,no
763,1980,455,57.73013,5.89898,9970.623,0.1207743,North Carolina,no
764,1981,436.7,57.83779,5.956661,10065.66,0.1219553,North Carolina,no
765,1982,446.3,57.81456,6.019141,10000.08,0.1232345,North Carolina,no
766,1983,409.6,57.71644,6.077066,10480,0.1244204,North Carolina,no
767,1984,403.6,57.70063,6.164014,11304.69,0.1262006,North Carolina,no
768,1985,420.9,57.6155,6.253989,11712.97,0.1280427,North Carolina,no
769,1986,475.9,57.37815,6.321582,12220.6,0.1294266,North Carolina,no
770,1987,484,57.1776,6.403696,12563.02,0.1311078,North Carolina,no
771,1988,501.9,56.94728,6.480598,13018.16,0.1326822,North Carolina,no
772,1989,546.4,56.71115,6.565467,13280.82,0.1344198,North Carolina,no
773,1990,623.5,58.31004,6.656987,13233.65,0.1366433,North Carolina,no
774,1991,658.4,58.05008,6.748135,13069.55,0.1385142,North Carolina,no
775,1992,681,57.62149,6.83185,13575.2,0.1402326,North Carolina,no
776,1993,679.3,57.31176,6.947412,13808.94,0.1426046,North Carolina,no
777,1994,655,57.04784,7.060959,14065.63,0.1449353,North Carolina,no
778,1995,646.4,56.93417,7.185403,14347.45,0.1474897,North Carolina,no
779,1996,588.1,56.82938,7.307658,14566.9,0.1499991,North Carolina,yes
780,1997,607,56.7124,7.428672,15021.37,0.1524831,North Carolina,yes
781,1998,579.4,56.681,7.545828,15551.17,0.1548879,North Carolina,yes
782,1999,542.1,56.69116,7.650789,15797.37,0.1570423,North Carolina,yes
783,1977,67.1,69.79649,0.649769,10565.99,0.0093798,North Dakota,no
784,1978,67,69.51859,0.651302,12431.81,0.009402,North Dakota,no
785,1979,61.3,69.25468,0.652893,11522.06,0.0094249,North Dakota,no
786,1980,54,69.05927,0.65438,9786.855,0.0094427,North Dakota,no
787,1981,67.5,68.76475,0.659524,11334.83,0.0095169,North Dakota,no
788,1982,61.8,68.53995,0.668969,11341.68,0.0096532,North Dakota,no
789,1983,53.7,68.22214,0.676685,11386,0.0097646,North Dakota,no
790,1984,53.6,67.86971,0.680498,11802.41,0.0098196,North Dakota,no
791,1985,47,67.49587,0.676991,11862.99,0.009769,North Dakota,no
792,1986,51.3,67.07564,0.669489,11931.53,0.0096607,North Dakota,yes
793,1987,56.8,66.72974,0.661167,11896.5,0.0095406,North Dakota,yes
794,1988,59.1,66.64963,0.655273,10731.29,0.0094556,North Dakota,yes
795,1989,63.2,66.47451,0.646341,11528.67,0.0093267,North Dakota,yes
796,1990,73.9,68.91557,0.637364,12100.56,0.009238,North Dakota,yes
797,1991,65.4,68.76801,0.634199,11893.37,0.0091921,North Dakota,yes
798,1992,83.3,68.96371,0.635427,12561.32,0.0092099,North Dakota,yes
799,1993,82.2,69.21892,0.637229,12284.87,0.009236,North Dakota,yes
800,1994,81.8,69.45083,0.639762,12790.18,0.0092727,North Dakota,yes
801,1995,86.7,69.67663,0.641548,12480.94,0.0092986,North Dakota,yes
802,1996,84,69.95417,0.642858,13440.41,0.0093176,North Dakota,yes
803,1997,87.2,70.17045,0.640945,12917.42,0.0092899,North Dakota,yes
804,1998,89.3,70.13709,0.637808,13889.86,0.0092444,North Dakota,yes
805,1999,66.9,70.14247,0.633666,13917.25,0.0091844,North Dakota,yes
806,1977,406.7,66.74809,10.7714,12348.08,0.2628773,Ohio,no
807,1978,412.7,66.73001,10.79558,12722.13,0.2634676,Ohio,no
808,1979,457.5,66.63911,10.7983,12692.37,0.2635339,Ohio,no
809,1980,498.3,66.44777,10.80065,12214.53,0.2634048,Ohio,no
810,1981,496.6,66.35651,10.78832,12036.27,0.2631042,Ohio,no
811,1982,436.7,66.11286,10.75709,11852.52,0.2623424,Ohio,no
812,1983,397.9,65.7574,10.73763,12167,0.261868,Ohio,no
813,1984,385.3,65.44431,10.73775,12897.59,0.2618707,Ohio,no
814,1985,381.6,65.18134,10.73492,13237.17,0.2618018,Ohio,no
815,1986,420.9,64.88249,10.73027,13574.1,0.2616883,Ohio,no
816,1987,421.3,64.60281,10.76008,13746.97,0.2624154,Ohio,no
817,1988,452,64.36441,10.79856,14094.24,0.2633539,Ohio,no
818,1989,468.6,64.05193,10.82921,14313.47,0.2641013,Ohio,no
819,1990,506.2,66.15223,10.86184,14319.5,0.2652269,Ohio,no
820,1991,561.8,65.96347,10.93368,14047.63,0.2669812,Ohio,no
821,1992,525.9,65.7691,11.00761,14371.82,0.2687864,Ohio,no
822,1993,504.1,65.61407,11.07038,14468.31,0.2703193,Ohio,no
823,1994,485.8,65.47792,11.11145,14826.34,0.271322,Ohio,no
824,1995,482.5,65.4557,11.15549,14968.1,0.2723975,Ohio,no
825,1996,428.7,65.43978,11.18703,14994.26,0.2731676,Ohio,no
826,1997,435.4,65.39888,11.2125,15472.84,0.2737894,Ohio,no
827,1998,362.5,65.43416,11.23775,16001.48,0.2744061,Ohio,no
828,1999,316.4,65.46132,11.25665,16248.26,0.2748676,Ohio,no
829,1977,316.6,63.51503,2.870012,10827.38,0.0417262,Oklahoma,no
830,1978,353,63.26656,2.917336,11287.34,0.0424142,Oklahoma,no
831,1979,405.2,63.10439,2.975311,11641.42,0.0432571,Oklahoma,no
832,1980,419.5,62.96575,3.040758,11582.22,0.0442904,Oklahoma,no
833,1981,426.8,62.94326,3.096157,12059.29,0.0450973,Oklahoma,no
834,1982,443.9,63.06606,3.206124,12195.14,0.0466991,Oklahoma,no
835,1983,423.4,62.69285,3.290404,11725,0.0479266,Oklahoma,no
836,1984,407.5,62.15516,3.285528,12166.83,0.0478556,Oklahoma,no
837,1985,422,61.63043,3.271332,12283.39,0.0476489,Oklahoma,no
838,1986,436.4,61.16328,3.252731,12078.79,0.0473779,Oklahoma,no
839,1987,417.6,60.53362,3.210117,11807.93,0.0467572,Oklahoma,no
840,1988,434.5,60.02283,3.167058,12004.39,0.04613,Oklahoma,no
841,1989,491.5,59.71284,3.150299,12257.79,0.0458859,Oklahoma,no
842,1990,547.5,61.39859,3.147105,12355.07,0.0458234,Oklahoma,no
843,1991,583.7,61.4276,3.166471,12223.05,0.0461054,Oklahoma,no
844,1992,622.8,61.53336,3.204174,12443.46,0.0466544,Oklahoma,no
845,1993,634.8,61.60735,3.228829,12460.57,0.0470133,Oklahoma,no
846,1994,651.5,61.69035,3.246119,12586.56,0.0472651,Oklahoma,no
847,1995,664.1,61.78748,3.265547,12683.68,0.047548,Oklahoma,no
848,1996,597.1,61.93959,3.289634,12795.89,0.0478987,Oklahoma,yes
849,1997,559.5,61.99123,3.314259,13106.83,0.0482572,Oklahoma,yes
850,1998,539.4,62.03029,3.339478,13567.87,0.0486244,Oklahoma,yes
851,1999,508.2,62.08629,3.358044,13728.88,0.0488948,Oklahoma,yes
852,1977,455.8,70.91949,2.446673,12422.06,0.0254374,Oregon,no
853,1978,502.4,70.7952,2.518299,12951.33,0.0261821,Oregon,no
854,1979,545.4,70.65277,2.588013,12917.38,0.0269069,Oregon,no
855,1980,490.4,70.70586,2.641218,12326.96,0.0274601,Oregon,no
856,1981,478.7,70.36204,2.667984,11904.75,0.0277383,Oregon,no
857,1982,473,69.88253,2.664922,11484.1,0.0277065,Oregon,no
858,1983,487.8,69.31556,2.653058,11832,0.0275832,Oregon,no
859,1984,506.1,68.90342,2.666592,12338.49,0.0277239,Oregon,no
860,1985,551.1,68.53308,2.672648,12544.52,0.0277868,Oregon,no
861,1986,549.7,68.18871,2.683531,12873.26,0.0279,Oregon,no
862,1987,539.5,67.95156,2.700999,13076.95,0.0280816,Oregon,no
863,1988,545.7,67.84964,2.741307,13524.2,0.0285007,Oregon,no
864,1989,518.6,67.60602,2.790568,13829.27,0.0290128,Oregon,no
865,1990,506.8,69.36436,2.858547,13908.79,0.0297756,Oregon,no
866,1991,506.3,69.5378,2.918745,13747.19,0.0304026,Oregon,yes
867,1992,510.2,69.50073,2.973934,13886.18,0.0309775,Oregon,yes
868,1993,503.1,69.71551,3.03449,14058.36,0.0316083,Oregon,yes
869,1994,520.6,69.76754,3.087142,14394.91,0.0321567,Oregon,yes
870,1995,522.4,69.86402,3.141421,14824.87,0.0327221,Oregon,yes
871,1996,463.1,70.04883,3.195087,15017.11,0.0332811,Oregon,yes
872,1997,444.4,70.17027,3.243254,15428.12,0.0337828,Oregon,yes
873,1998,419.8,70.22414,3.282055,15883.56,0.034187,Oregon,yes
874,1999,374.9,70.33952,3.316154,16120.88,0.0345422,Oregon,yes
875,1977,282.8,67.17242,11.89359,12318.49,0.264502,Pennsylvania,no
876,1978,301.1,67.07594,11.8794,12690.04,0.2641863,Pennsylvania,no
877,1979,333.6,66.9677,11.88798,12656.7,0.2643771,Pennsylvania,no
878,1980,363.9,66.88034,11.86831,12272.56,0.2643982,Pennsylvania,no
879,1981,371.7,66.72968,11.85857,12257.66,0.2641813,Pennsylvania,no
880,1982,360.4,66.43293,11.84515,12267.38,0.2638823,Pennsylvania,no
881,1983,342.8,66.04167,11.83773,12455,0.263717,Pennsylvania,no
882,1984,320.6,65.68049,11.81517,12958.01,0.2632145,Pennsylvania,no
883,1985,331.1,65.22522,11.77085,13376.07,0.2622272,Pennsylvania,no
884,1986,358.6,64.7671,11.78275,13804.07,0.2624921,Pennsylvania,no
885,1987,369.4,64.35545,11.81086,14156.53,0.2631185,Pennsylvania,no
886,1988,362,64.04595,11.84575,14585.97,0.2638958,Pennsylvania,no
887,1989,378.6,63.68747,11.86601,15036.17,0.264347,Pennsylvania,no
888,1990,431,65.93815,11.8956,15105.13,0.2654084,Pennsylvania,yes
889,1991,450,65.6598,11.94316,14989.15,0.2664694,Pennsylvania,yes
890,1992,427,65.33145,11.98082,15300.5,0.2673097,Pennsylvania,yes
891,1993,417.5,65.06128,12.02213,15303.38,0.2682313,Pennsylvania,yes
892,1994,426.7,64.8941,12.04255,15364.61,0.2686869,Pennsylvania,yes
893,1995,427.3,64.81329,12.04478,15524.65,0.2687367,Pennsylvania,yes
894,1996,480.3,64.82384,12.03801,15772.13,0.2685856,Pennsylvania,yes
895,1997,442.1,64.85114,12.01589,16200.03,0.2680921,Pennsylvania,yes
896,1998,420.5,64.91528,12.00233,16727.35,0.2677896,Pennsylvania,yes
897,1999,420.5,65.01945,11.99402,17114.16,0.2676041,Pennsylvania,yes
898,1977,301.6,71.38422,0.950231,11514.58,0.9058446,Rhode Island,no
899,1978,348.1,71.46287,0.951816,11754.9,0.9073556,Rhode Island,no
900,1979,375.1,71.5311,0.950381,11792.34,0.9059876,Rhode Island,no
901,1980,408.5,70.92782,0.948773,11778.08,0.8993109,Rhode Island,no
902,1981,441.7,70.77566,0.953007,11853.24,0.9033242,Rhode Island,no
903,1982,401.8,70.3692,0.954176,11976.36,0.9044322,Rhode Island,no
904,1983,355.2,69.90588,0.956376,12439,0.9065175,Rhode Island,no
905,1984,334.7,69.58003,0.961901,13154.6,0.9117545,Rhode Island,no
906,1985,346.6,69.1723,0.96895,13598.31,0.9184361,Rhode Island,no
907,1986,335.5,68.66371,0.977343,14168.58,0.9263915,Rhode Island,no
908,1987,359.7,68.25656,0.989603,14602.93,0.9380123,Rhode Island,no
909,1988,396.7,67.86526,0.996417,15384.18,0.9444711,Rhode Island,no
910,1989,378,67.38249,1.000665,15784.57,0.9484976,Rhode Island,no
911,1990,431.9,69.39707,1.004649,15387.83,0.9613866,Rhode Island,no
912,1991,462,68.82858,1.00399,14885.35,0.960756,Rhode Island,no
913,1992,394.5,68.26462,1.000571,15092.47,0.9574842,Rhode Island,no
914,1993,401.7,67.69461,0.997852,15252.39,0.9548823,Rhode Island,no
915,1994,375.5,67.31688,0.993412,15296.06,0.9506335,Rhode Island,no
916,1995,368,67.00869,0.989203,15726.08,0.9466057,Rhode Island,no
917,1996,347.2,66.90131,0.987858,15953.1,0.9453186,Rhode Island,no
918,1997,333.5,66.84111,0.986966,16543.44,0.9444651,Rhode Island,no
919,1998,312.1,66.89433,0.987704,17120.22,0.9451712,Rhode Island,no
920,1999,286.6,66.86559,0.990819,17542.33,0.9481522,Rhode Island,no
921,1977,636.2,52.7606,2.991683,9344.497,0.0989804,South Carolina,no
922,1978,637.6,52.74525,3.044365,9678.352,0.1007234,South Carolina,no
923,1979,678.3,52.71151,3.090266,9664.368,0.1022421,South Carolina,no
924,1980,660,52.53884,3.134502,9422.946,0.1037811,South Carolina,no
925,1981,640.4,52.67374,3.179235,9481.496,0.1052622,South Carolina,no
926,1982,720,52.60826,3.207618,9361.272,0.106202,South Carolina,no
927,1983,616.8,52.49292,3.234074,9775,0.1070779,South Carolina,no
928,1984,624.5,52.40158,3.271861,10462.69,0.108329,South Carolina,no
929,1985,631,52.28647,3.303208,10802.72,0.1093669,South Carolina,no
930,1986,674.6,52.12664,3.342769,11142.52,0.1106767,South Carolina,no
931,1987,664.9,51.99231,3.380506,11450.11,0.1119262,South Carolina,no
932,1988,741.2,51.79147,3.412091,11825.89,0.1129719,South Carolina,no
933,1989,813.7,51.61836,3.45677,11911.7,0.1144512,South Carolina,no
934,1990,976.6,53.26236,3.499064,12230.1,0.1162055,South Carolina,no
935,1991,972.5,53.1396,3.55947,11994.98,0.1182116,South Carolina,no
936,1992,944.5,52.91803,3.600576,12187.15,0.1195768,South Carolina,no
937,1993,1023.4,52.67149,3.634507,12267.64,0.1207036,South Carolina,no
938,1994,1030.5,52.49868,3.666456,12556.99,0.1217647,South Carolina,no
939,1995,981.9,52.41994,3.699943,12735.34,0.1228768,South Carolina,no
940,1996,996.9,52.34179,3.738974,12955.9,0.124173,South Carolina,no
941,1997,990.3,52.31548,3.790066,13279.46,0.1258698,South Carolina,yes
942,1998,903.2,52.48092,3.839578,13774.99,0.1275141,South Carolina,yes
943,1999,847.1,52.61976,3.885736,14075.72,0.1290471,South Carolina,yes
944,1977,189.1,66.82024,0.68848,10441.04,0.0090643,South Dakota,no
945,1978,163.5,66.51689,0.68858,11226.22,0.0090656,South Dakota,no
946,1979,159.1,66.15408,0.688334,11192.78,0.0090624,South Dakota,no
947,1980,126.8,65.82939,0.690851,9843.678,0.0090959,South Dakota,no
948,1981,104.8,65.59054,0.689569,10358.3,0.009079,South Dakota,no
949,1982,99,65.31049,0.690615,10232.28,0.0090928,South Dakota,no
950,1983,120,65.02334,0.692985,10195,0.009124,South Dakota,no
951,1984,147.5,64.72329,0.697239,11142.62,0.00918,South Dakota,no
952,1985,136.6,64.3707,0.6984,11058.29,0.0091953,South Dakota,no
953,1986,124.7,63.97756,0.69598,11349.77,0.0091634,South Dakota,yes
954,1987,119.7,63.83106,0.696042,11591.31,0.0091642,South Dakota,yes
955,1988,113.7,63.62806,0.698148,11625.49,0.009192,South Dakota,yes
956,1989,135.5,63.37601,0.696691,11857.9,0.0091728,South Dakota,yes
957,1990,162.8,65.53576,0.696667,12373.36,0.009179,South Dakota,yes
958,1991,182.2,65.71449,0.701445,12398.49,0.0092419,South Dakota,yes
959,1992,194.5,65.68172,0.708698,12755.86,0.0093375,South Dakota,yes
960,1993,208.4,66.01141,0.716258,12791.29,0.0094371,South Dakota,yes
961,1994,227.6,66.321,0.723038,13175.9,0.0095264,South Dakota,yes
962,1995,207.5,66.6641,0.728251,12980.59,0.0095951,South Dakota,yes
963,1996,177.2,66.77264,0.730699,13802.36,0.0096274,South Dakota,yes
964,1997,197.4,66.6871,0.730855,13839.61,0.0096294,South Dakota,yes
965,1998,154.3,66.67903,0.730789,14536.91,0.0096286,South Dakota,yes
966,1999,167.4,66.76824,0.733133,14974.52,0.0096595,South Dakota,yes
967,1977,389.5,62.2667,4.422921,10041.55,0.10702,Tennessee,no
968,1978,382.6,62.18873,4.486313,10535.56,0.1085538,Tennessee,no
969,1979,414,62.10576,4.560474,10451.9,0.1103483,Tennessee,no
970,1980,458.1,62.40076,4.600252,10057.67,0.1117787,Tennessee,no
971,1981,412.6,62.45888,4.627667,10078.82,0.1124448,Tennessee,no
972,1982,421.1,62.40519,4.646043,10005.24,0.1128913,Tennessee,no
973,1983,402,62.30478,4.659755,10276,0.1132245,Tennessee,no
974,1984,445.4,62.22468,4.68674,10983.43,0.1138802,Tennessee,no
975,1985,474.4,62.12678,4.715287,11340.72,0.1145739,Tennessee,no
976,1986,539.6,61.90892,4.738713,11812.46,0.1151431,Tennessee,no
977,1987,533.5,61.80703,4.78293,12198.19,0.1162175,Tennessee,no
978,1988,532.7,61.55821,4.822437,12554.22,0.1171774,Tennessee,no
979,1989,548.9,61.36978,4.854461,12754.05,0.1179556,Tennessee,no
980,1990,670.4,63.34099,4.890626,12817.6,0.1186469,Tennessee,no
981,1991,725.9,63.22644,4.946886,12794.69,0.1200118,Tennessee,no
982,1992,746.2,63.03001,5.013999,13376.4,0.12164,Tennessee,no
983,1993,765.8,62.83326,5.085666,13601.55,0.1233786,Tennessee,no
984,1994,747.9,62.74009,5.163016,13907.71,0.1252551,Tennessee,no
985,1995,771.5,62.71865,5.241168,14257.2,0.1271511,Tennessee,yes
986,1996,774,62.72006,5.313576,14255.75,0.1289077,Tennessee,yes
987,1997,789.7,62.71156,5.378433,14485.45,0.1304812,Tennessee,yes
988,1998,715,62.66996,5.432679,15027.54,0.1317972,Tennessee,yes
989,1999,694.9,62.68462,5.483535,15277.7,0.1330309,Tennessee,yes
990,1977,407.7,64.41234,13.19306,11473.48,0.0503294,Texas,no
991,1978,435.3,64.36545,13.50043,12089.54,0.051502,Texas,no
992,1979,507.9,64.35475,13.88837,12250.59,0.052982,Texas,no
993,1980,550.3,64.19213,14.33821,12038.01,0.0547224,Texas,no
994,1981,532.4,64.2748,14.74631,12484.54,0.05628,Texas,no
995,1982,577.1,64.29494,15.33141,12343.75,0.058513,Texas,no
996,1983,512.2,64.24527,15.75168,12303,0.060117,Texas,no
997,1984,505,64.06598,16.00708,12846.76,0.0610918,Texas,no
998,1985,550,63.84797,16.27274,13145.5,0.0621056,Texas,no
999,1986,658.9,63.5815,16.56111,12875.99,0.0632062,Texas,no
1000,1987,631.1,63.24954,16.6218,12704.22,0.0634379,Texas,no
1001,1988,652.6,62.91941,16.66702,12902.81,0.0636105,Texas,no
1002,1989,658.5,62.83883,16.80673,13107.37,0.0641437,Texas,no
1003,1990,761.4,63.59877,17.04471,13303,0.0650775,Texas,no
1004,1991,840.1,63.41392,17.3399,13267.65,0.0662046,Texas,no
1005,1992,806.3,63.26109,17.65048,13593.66,0.0673904,Texas,no
1006,1993,762.1,63.14571,17.99676,13659.42,0.0687125,Texas,no
1007,1994,706.5,63.02897,18.33832,13836.48,0.0700166,Texas,no
1008,1995,663.9,62.94487,18.67971,14078,0.07132,Texas,no
1009,1996,644.4,62.765,19.00624,14323.7,0.0725667,Texas,no
1010,1997,602.5,62.65525,19.35543,15045.59,0.0738999,Texas,yes
1011,1998,564.6,62.59028,19.71239,15759.52,0.0752628,Texas,yes
1012,1999,560.3,62.56689,20.04414,16046.73,0.0765295,Texas,yes
1013,1977,240,68.27696,1.319511,10403.23,0.0160728,Utah,no
1014,1978,271.8,67.78931,1.367512,10758.65,0.0166575,Utah,no
1015,1979,304.2,67.27177,1.420239,10682.39,0.0172997,Utah,no
1016,1980,303.3,67.01035,1.472595,10232.98,0.0179425,Utah,no
1017,1981,298.6,66.58289,1.515469,10181.84,0.0184649,Utah,no
1018,1982,285.7,66.35606,1.558316,10120.82,0.0189869,Utah,no
1019,1983,256,66.02115,1.594939,10333,0.0194332,Utah,no
1020,1984,244.2,66.07267,1.622341,10772.45,0.019767,Utah,no
1021,1985,267.4,66.19875,1.642907,10969.4,0.0200176,Utah,no
1022,1986,266.7,66.40424,1.662838,11133.43,0.0202605,Utah,no
1023,1987,229.8,66.56535,1.678115,11083.53,0.0204466,Utah,yes
1024,1988,243.1,66.91209,1.689366,11077.35,0.0205837,Utah,yes
1025,1989,258.8,67.36006,1.705867,11223.53,0.0207848,Utah,yes
1026,1990,283.9,69.30894,1.729722,11426.95,0.021051,Utah,yes
1027,1991,286.8,69.74521,1.771941,11448.19,0.0215649,Utah,yes
1028,1992,290.5,70.19036,1.821498,11611.34,0.022168,Utah,yes
1029,1993,301,70.48416,1.875993,11734.36,0.0228312,Utah,yes
1030,1994,304.5,70.66015,1.930436,12036.86,0.0234938,Utah,yes
1031,1995,328.8,70.82185,1.976774,12333.13,0.0240577,Utah,yes
1032,1996,331.9,70.8315,2.022253,12671.42,0.0246112,Utah,yes
1033,1997,334,70.61509,2.065397,13137.88,0.0251363,Utah,yes
1034,1998,314.2,70.37374,2.100562,13619.8,0.0255642,Utah,yes
1035,1999,275.5,70.28898,2.129836,13919.05,0.0259205,Utah,yes
1036,1977,149.5,73.13677,0.491929,10158.28,0.053084,Vermont,yes
1037,1978,166.3,73.33691,0.498108,10751.01,0.0537507,Vermont,yes
1038,1979,184.2,73.56225,0.505372,10774.32,0.0545346,Vermont,yes
1039,1980,178.8,73.71889,0.512524,10520.72,0.0552706,Vermont,yes
1040,1981,128,73.75161,0.515605,10649.83,0.0556028,Vermont,yes
1041,1982,126.9,73.62413,0.519107,10616.18,0.0559805,Vermont,yes
1042,1983,132.6,73.46095,0.523308,10968,0.0564335,Vermont,yes
1043,1984,145.1,73.23557,0.526658,11554.03,0.0567948,Vermont,yes
1044,1985,147.7,73.03449,0.530029,12032.44,0.0571583,Vermont,yes
1045,1986,149.2,72.81029,0.534055,12582.38,0.0575925,Vermont,yes
1046,1987,136.5,72.68566,0.540273,13147.98,0.058263,Vermont,yes
1047,1988,142.3,72.68874,0.549766,13637.87,0.0592867,Vermont,yes
1048,1989,132.8,72.66877,0.557699,14066.15,0.0601422,Vermont,yes
1049,1990,127.2,74.6722,0.564526,13757.91,0.0610364,Vermont,yes
1050,1991,116.8,74.63558,0.567141,13317.36,0.0613192,Vermont,yes
1051,1992,109.5,74.64705,0.570115,13698.03,0.0616407,Vermont,yes
1052,1993,114.2,74.63293,0.574004,13631.87,0.0620612,Vermont,yes
1053,1994,96.9,74.74331,0.5789,13811.62,0.0625905,Vermont,yes
1054,1995,118.3,74.98331,0.582827,13968.79,0.0630151,Vermont,yes
1055,1996,121.2,75.23706,0.586352,14157.32,0.0633963,Vermont,yes
1056,1997,119.7,75.65321,0.588665,14507.18,0.0636463,Vermont,yes
1057,1998,106.3,76.06671,0.590579,15158.91,0.0638533,Vermont,yes
1058,1999,113.8,76.52575,0.59374,15455.31,0.064195,Vermont,yes
1059,1977,290,61.69657,5.193112,11823.65,0.1305458,Virginia,no
1060,1978,286.4,61.70031,5.270238,12285.12,0.1324846,Virginia,no
1061,1979,301,61.62537,5.307945,12341.14,0.1334325,Virginia,no
1062,1980,307.2,61.25582,5.368334,12302.78,0.1352089,Virginia,no
1063,1981,321.7,61.26047,5.444106,12374.94,0.1371173,Virginia,no
1064,1982,309.1,61.07048,5.492773,12461.4,0.1383431,Virginia,no
1065,1983,292.5,60.80208,5.564658,12936,0.1401536,Virginia,no
1066,1984,295.6,60.61091,5.64386,13711.78,0.1421484,Virginia,no
1067,1985,294.7,60.34415,5.715156,14154.84,0.1439441,Virginia,no
1068,1986,306,60.05884,5.811691,14759.43,0.1463755,Virginia,no
1069,1987,295,59.76487,5.932267,15200.16,0.1494123,Virginia,no
1070,1988,299.2,59.50568,6.036911,15624.15,0.1520479,Virginia,no
1071,1989,312.5,59.17403,6.120232,15883.34,0.1541465,Virginia,no
1072,1990,350.6,60.55391,6.213526,15649.96,0.1569151,Virginia,no
1073,1991,373.2,60.14425,6.283853,15418.25,0.1586912,Virginia,no
1074,1992,374.9,59.77764,6.383315,15595.15,0.161203,Virginia,no
1075,1993,372.2,59.4888,6.464795,15690.6,0.1632607,Virginia,no
1076,1994,357.7,59.22881,6.536771,15932.45,0.1650783,Virginia,no
1077,1995,361.5,58.98551,6.601392,15994.22,0.1667102,Virginia,no
1078,1996,341.3,58.81139,6.665491,16189.33,0.168329,Virginia,yes
1079,1997,345.2,58.6368,6.732878,16619.82,0.1700308,Virginia,yes
1080,1998,325.7,58.44238,6.789225,17333.46,0.1714537,Virginia,yes
1081,1999,314.7,58.35429,6.872912,17816.81,0.1735672,Virginia,yes
1082,1977,374.9,70.13207,3.77605,12875.81,0.056723,Washington,yes
1083,1978,405.3,70.02095,3.889073,13579.34,0.0584208,Washington,yes
1084,1979,434.6,69.86417,4.017632,13671.98,0.060352,Washington,yes
1085,1980,464.3,69.74776,4.154678,13193.82,0.062466,Washington,yes
1086,1981,447.3,69.48921,4.235731,13045.69,0.0636847,Washington,yes
1087,1982,406.4,69.02334,4.276545,12828.79,0.0642983,Washington,yes
1088,1983,371.8,68.45677,4.30027,13124,0.064655,Washington,yes
1089,1984,406.4,68.01142,4.34365,13446.14,0.0653072,Washington,yes
1090,1985,425.4,67.5183,4.400098,13647.39,0.0661559,Washington,yes
1091,1986,437,67.07538,4.452722,14109.5,0.0669472,Washington,yes
1092,1987,439.5,66.68768,4.531891,14295.1,0.0681375,Washington,yes
1093,1988,466.4,66.40105,4.639893,14541.34,0.0697613,Washington,yes
1094,1989,471.7,66.05814,4.746321,14992.01,0.0713614,Washington,yes
1095,1990,501.6,67.4353,4.90078,15259.81,0.0736052,Washington,yes
1096,1991,522.6,67.49376,5.013443,15278.63,0.0752973,Washington,yes
1097,1992,534.5,67.47049,5.139011,15561.07,0.0771832,Washington,yes
1098,1993,514.6,67.56084,5.247704,15443.25,0.0788157,Washington,yes
1099,1994,511.3,67.50073,5.334896,15535.97,0.0801252,Washington,yes
1100,1995,484.3,67.51688,5.431024,15616.21,0.081569,Washington,yes
1101,1996,431.2,67.46822,5.509963,16057.25,0.0827545,Washington,yes
1102,1997,440.7,67.49805,5.604105,16644.04,0.0841685,Washington,yes
1103,1998,428.5,67.48536,5.687832,17461.77,0.085426,Washington,yes
1104,1999,377.3,67.48767,5.756361,18167.24,0.0864552,Washington,yes
1105,1977,152.3,70.00751,1.908088,9951.133,0.0792725,West Virginia,no
1106,1978,167.7,69.93727,1.923395,10242.18,0.0799084,West Virginia,no
1107,1979,168.1,69.90005,1.942146,10196.7,0.0806874,West Virginia,no
1108,1980,183.7,69.99722,1.951349,9879.948,0.0809051,West Virginia,no
1109,1981,174.8,70.06487,1.954115,9717.135,0.0810197,West Virginia,no
1110,1982,174.8,70.06021,1.949606,9741.048,0.0808328,West Virginia,no
1111,1983,171.8,70.01633,1.945065,9626,0.0806445,West Virginia,no
1112,1984,168.2,69.93818,1.927701,9989.902,0.0799246,West Virginia,no
1113,1985,166,69.94443,1.906828,10126.74,0.0790592,West Virginia,no
1114,1986,164.5,69.83031,1.88235,10420.78,0.0780443,West Virginia,no
1115,1987,137.3,69.79784,1.857579,10480.15,0.0770172,West Virginia,no
1116,1988,131.4,69.7577,1.830211,10700.14,0.0758825,West Virginia,no
1117,1989,146.7,69.71596,1.806552,10863.79,0.0749016,West Virginia,no
1118,1990,169.3,72.58303,1.792481,11109.2,0.0744169,West Virginia,yes
1119,1991,191,72.64382,1.798212,11125.09,0.0746549,West Virginia,yes
1120,1992,211.5,72.63476,1.805462,11443.78,0.0749559,West Virginia,yes
1121,1993,208.4,72.55381,1.816179,11522.84,0.0754008,West Virginia,yes
1122,1994,215.8,72.56207,1.81849,11701.54,0.0754967,West Virginia,yes
1123,1995,210.2,72.45068,1.82056,11715.1,0.0755827,West Virginia,yes
1124,1996,210.1,72.55532,1.818983,11789.41,0.0755172,West Virginia,yes
1125,1997,218.7,72.64451,1.815588,12040.57,0.0753763,West Virginia,yes
1126,1998,248.6,72.74287,1.811688,12351.37,0.0752143,West Virginia,yes
1127,1999,350.6,72.94131,1.806928,12510.76,0.0750167,West Virginia,yes
1128,1977,131.5,69.68519,4.626517,12193.55,0.0849463,Wisconsin,no
1129,1978,132.2,69.62133,4.646109,12670.18,0.0853061,Wisconsin,no
1130,1979,166.1,69.51105,4.682812,12733.53,0.08598,Wisconsin,no
1131,1980,182.6,69.65793,4.712045,12284.65,0.0865771,Wisconsin,no
1132,1981,187.9,69.44913,4.726336,12062.58,0.0868397,Wisconsin,no
1133,1982,190.5,69.07502,4.728876,11962.94,0.0868863,Wisconsin,no
1134,1983,190.9,68.67786,4.721445,12046,0.0867498,Wisconsin,no
1135,1984,196.5,68.32092,4.735576,12641.54,0.0870094,Wisconsin,no
1136,1985,206.9,67.96238,4.747753,12820.47,0.0872332,Wisconsin,no
1137,1986,257.9,67.5285,4.755625,13207.77,0.0873778,Wisconsin,no
1138,1987,249.9,67.20159,4.77793,13468.97,0.0877876,Wisconsin,no
1139,1988,214.4,67.0311,4.822402,13641.24,0.0886047,Wisconsin,no
1140,1989,222.6,66.7228,4.856575,13891.1,0.0892326,Wisconsin,no
1141,1990,264.7,68.60641,4.902265,13837.92,0.0902579,Wisconsin,no
1142,1991,277,68.70872,4.952675,13677.74,0.091186,Wisconsin,no
1143,1992,275.7,68.76257,5.004636,14109.12,0.0921427,Wisconsin,no
1144,1993,264.4,68.84564,5.055318,14220.27,0.0930758,Wisconsin,no
1145,1994,270.5,68.88604,5.095504,14581.73,0.0938157,Wisconsin,no
1146,1995,281.1,69.01579,5.137004,14762.74,0.0945797,Wisconsin,no
1147,1996,252.7,69.16254,5.173828,14956.79,0.0952577,Wisconsin,no
1148,1997,270.6,69.24231,5.200235,15395.21,0.0957439,Wisconsin,no
1149,1998,249,69.32509,5.222124,16024.7,0.0961469,Wisconsin,no
1150,1999,245.9,69.429,5.250446,16367.26,0.0966684,Wisconsin,no
1151,1977,240.9,71.94287,0.413353,13401.89,0.0042525,Wyoming,no
1152,1978,280.4,71.91188,0.432877,14338.75,0.0044533,Wyoming,no
1153,1979,350.9,71.78605,0.454378,14504.78,0.0046745,Wyoming,no
1154,1980,392.6,72.13893,0.474185,14209.38,0.0048891,Wyoming,no
1155,1981,430.1,72.01286,0.491715,14115.38,0.0050698,Wyoming,no
1156,1982,304.2,71.92876,0.506408,13675.03,0.0052213,Wyoming,no
1157,1983,237.2,71.27304,0.510329,12723,0.0052617,Wyoming,no
1158,1984,242.1,70.9073,0.504893,12939.79,0.0052057,Wyoming,no
1159,1985,256.8,70.75819,0.499692,13188.09,0.005152,Wyoming,no
1160,1986,293.1,70.4869,0.495624,12729.64,0.0051101,Wyoming,no
1161,1987,283.1,70.05034,0.476967,12448.14,0.0049177,Wyoming,no
1162,1988,314,70.03685,0.465098,12603.06,0.0047954,Wyoming,no
1163,1989,258.3,70.21884,0.458377,13155.55,0.0047261,Wyoming,no
1164,1990,301.4,72.02543,0.453401,13712.95,0.0046692,Wyoming,no
1165,1991,310.2,72.33991,0.457739,13791.78,0.0047139,Wyoming,no
1166,1992,319.5,72.73,0.463491,13880.5,0.0047731,Wyoming,no
1167,1993,286.2,73.03836,0.469033,13977.74,0.0048302,Wyoming,no
1168,1994,272.5,73.39078,0.474982,14083.1,0.0048914,Wyoming,no
1169,1995,254.2,73.71621,0.478447,14070.16,0.0049271,Wyoming,yes
1170,1996,249.7,73.85796,0.480085,14032.23,0.004944,Wyoming,yes
1171,1997,255.2,73.92731,0.480031,14790.98,0.0049434,Wyoming,yes
1172,1998,247.6,73.98515,0.480045,15225.51,0.0049436,Wyoming,yes
1173,1999,232.3,74.04952,0.479602,15765.07,0.004939,Wyoming,yes